[
  {
    "name": "theme_info",
    "theme_name": "Supply",
    "theme_author": "Shopify",
    "theme_version": "8.9.13",
    "theme_documentation_url": "https://help.shopify.com/manual/using-themes/themes-by-shopify/supply",
    "theme_support_url": "https://support.shopify.com/"
  },
  {
    "name": {
      "da": "Farver",
      "de": "Farben",
      "en": "Colors",
      "es": "Colores",
      "fi": "Värit",
      "fr": "Couleurs",
      "hi": "रंग",
      "it": "Colori",
      "ja": "色",
      "ko": "색상",
      "nb": "Farger",
      "nl": "Kleuren",
      "pt-BR": "Cores",
      "pt-PT": "Cores",
      "sv": "Färger",
      "th": "สี",
      "zh-CN": "颜色",
      "zh-TW": "色彩"
    },
    "settings": [
      {
        "type": "header",
        "content": {
          "da": "Generelt",
          "de": "Allgemein",
          "en": "General",
          "es": "General",
          "fi": "Yleistä",
          "fr": "Menu général",
          "hi": "सामान्य",
          "it": "Generale",
          "ja": "一般設定",
          "ko": "일반",
          "nb": "Generelt",
          "nl": "Algemeen",
          "pt-BR": "Geral",
          "pt-PT": "Geral",
          "sv": "Allmänt",
          "th": "ทั่วไป",
          "zh-CN": "通用",
          "zh-TW": "一般"
        }
      },
      {
        "type": "color",
        "id": "color_primary",
        "label": {
          "da": "Primært indhold",
          "de": "Primärer Inhalt",
          "en": "Primary content",
          "es": "Contenido principal",
          "fi": "Ensisijainen sisältö",
          "fr": "Contenu principal",
          "hi": "प्राथमिक सामग्री",
          "it": "Contenuti primari",
          "ja": "主要コンテンツ",
          "ko": "기본 콘텐츠",
          "nb": "Hovedinnhold",
          "nl": "Primaire content",
          "pt-BR": "Conteúdo principal",
          "pt-PT": "Conteúdo principal",
          "sv": "Primärt innehåll",
          "th": "เนื้อหาหลัก",
          "zh-CN": "主要内容",
          "zh-TW": "主要內容"
        },
        "default": "#204a80",
        "info": {
          "da": "Tekstlinks og primære knapper",
          "de": "Textlinks und primäre Schaltflächen",
          "en": "Text links and primary buttons",
          "es": "Enlaces de texto y botones principales",
          "fi": "Tekstilinkit ja ensisijaiset painikkeet",
          "fr": "Liens de texte et boutons principaux",
          "hi": "टेक्स्ट लिंक और प्राथमिक बटन",
          "it": "Text link e pulsanti primari",
          "ja": "テキストリンクと支払いボタン",
          "ko": "텍스트 링크 및 기본 버튼보조 컨텐츠",
          "nb": "Tekstkoblinger og primærknapper",
          "nl": "Tekstlinks en primaire knoppen",
          "pt-BR": "Links de texto e botões principais",
          "pt-PT": "Ligações de texto e botões principais",
          "sv": "Textlänkar och primära knappar",
          "th": "ลิงก์ข้อความและปุ่มหลัก",
          "zh-CN": "文本链接和主要按钮",
          "zh-TW": "文字連結與主要按鈕"
        }
      },
      {
        "type": "color",
        "id": "color_secondary",
        "label": {
          "da": "Sekundært indhold",
          "de": "Sekundärer Inhalt",
          "en": "Secondary content",
          "es": "Contenido secundario",
          "fi": "Toissijainen sisältö",
          "fr": "Contenu secondaire",
          "hi": "सहायक सामग्री",
          "it": "Contenuti secondari",
          "ja": "サブコンテンツ",
          "ko": "보조 콘텐츠",
          "nb": "Sekundært innhold",
          "nl": "Secundaire content",
          "pt-BR": "Conteúdo secundário",
          "pt-PT": "Conteúdo secundário",
          "sv": "Sekundärt innehåll",
          "th": "เนื้อหารอง",
          "zh-CN": "辅助内容",
          "zh-TW": "次要內容"
        },
        "default": "#dcdcdc",
        "info": {
          "da": "Sekundære knapper",
          "de": "Sekundäre Schaltflächen",
          "en": "Secondary buttons",
          "es": "Botones secundarios",
          "fi": "Toissijaiset painikkeet",
          "fr": "Boutons secondaires",
          "hi": "सहायक बटन",
          "it": "Pulsanti secondari",
          "ja": "サブボタン",
          "ko": "보조 버튼",
          "nb": "Sekundære knapper",
          "nl": "Secundaire knoppen",
          "pt-BR": "Botões secundários",
          "pt-PT": "Botões secundários",
          "sv": "Sekundära knappar",
          "th": "ปุ่มรอง",
          "zh-CN": "辅助按钮",
          "zh-TW": "次要按鈕"
        }
      },
      {
        "type": "color",
        "id": "color_accent",
        "label": {
          "da": "Accenter",
          "de": "Akzente",
          "en": "Accents",
          "es": "Acentos",
          "fi": "Korostukset",
          "fr": "Accents",
          "hi": "एसेंट",
          "it": "Elementi in risalto",
          "ja": "アクセント",
          "ko": "강조",
          "nb": "Aksenter",
          "nl": "Accenten",
          "pt-BR": "Destaques",
          "pt-PT": "Destaques",
          "sv": "Accenter",
          "th": "การเน้น",
          "zh-CN": "主题色",
          "zh-TW": "強調"
        },
        "default": "#ffea00",
        "info": {
          "da": "Antal i indkøbskurven",
          "de": "Warenkorbmenge",
          "en": "Cart quantity",
          "es": "Cantidad del carrito",
          "fi": "Määrä",
          "fr": "Quantité du panier",
          "hi": "कार्ट की मात्रा",
          "it": "Quantità del carrello",
          "ja": "数量",
          "ko": "카트 수량",
          "nb": "Antall i handlekurven",
          "nl": "Hoeveelheid winkelwagen",
          "pt-BR": "Quantidade no carrinho",
          "pt-PT": "Quantidade no carrinho",
          "sv": "Varukorg kvantitet",
          "th": "จำนวนตะกร้าสินค้า",
          "zh-CN": "购物车数量",
          "zh-TW": "購物車數量"
        }
      },
      {
        "type": "color",
        "id": "color_body_bg",
        "label": {
          "da": "Baggrund for brødtekst",
          "de": "Körperhintergrund",
          "en": "Body background",
          "es": "Fondo del cuerpo",
          "fi": "Näytön pääosan tausta",
          "fr": "Arrière-plan du corps",
          "hi": "बॉडी की पृष्ठभूमि",
          "it": "Sfondo corpo del testo",
          "ja": "本文の背景",
          "ko": "바디 백그라운드",
          "nb": "Bakgrunn for brødtekst",
          "nl": "Achtergrond platte tekst",
          "pt-BR": "Plano de fundo do corpo",
          "pt-PT": "Fundo do corpo",
          "sv": "Brödtextbakgrund",
          "th": "พื้นหลังส่วนเนื้อหา",
          "zh-CN": "正文背景",
          "zh-TW": "本文背景"
        },
        "default": "#ffffff"
      },
      {
        "type": "color",
        "id": "color_borders",
        "label": {
          "da": "Kanter",
          "de": "Rahmen",
          "en": "Borders",
          "es": "Bordes",
          "fi": "Reunukset",
          "fr": "Bordures",
          "hi": "बॉर्डर",
          "it": "Bordi",
          "ja": "罫線",
          "ko": "테두리",
          "nb": "Rammer",
          "nl": "Randen",
          "pt-BR": "Bordas",
          "pt-PT": "Limites",
          "sv": "Gränser",
          "th": "ขอบ",
          "zh-CN": "边框",
          "zh-TW": "邊框"
        },
        "default": "#ececec"
      },
      {
        "type": "color",
        "id": "product_reviews_star_color",
        "label": {
          "da": "Farve på anmeldelsesstjerner",
          "de": "Farbe Bewertungssterne",
          "en": "Review Star color",
          "es": "Revisar color de la estrella",
          "fi": "Arvostelujen tähden väri",
          "fr": "Couleur des étoiles d'avis",
          "hi": "तारे के रंग की समीक्षा करें",
          "it": "Verifica colore stelline",
          "ja": "レビューの星の色",
          "ko": "별표 색상 검토",
          "nb": "Farge på omtalestjerner",
          "nl": "Bekijk sterkleur",
          "pt-BR": "Cor da estrela de avaliação",
          "pt-PT": "Cor da estrela de avaliação",
          "sv": "Granska stjärnfärg",
          "th": "สีของดาวรีวิว",
          "zh-CN": "评论星级颜色",
          "zh-TW": "檢視星評顏色"
        },
        "default": "#e5c649",
        "info": {
          "da": "Dette valg tilsidesætter indstillingerne for din app til Produktanmeldelser.",
          "de": "Diese Auswahl überschreibt die Einstellungen Ihrer Produktbewertungsanwendung.",
          "en": "This selection overrides your product review app settings.",
          "es": "Esta selección anula la configuración de tu aplicación de reseña de producto.",
          "fi": "Tämä valinta ohittaa tuotearvostelusovelluksen asetukset.",
          "fr": "Cette sélection remplace les paramètres de votre application d'avis sur les produits.",
          "hi": "यह चयन आपकी उत्पाद समीक्षा ऐप सेटिंग को ओवरराइड करता है.",
          "it": "Questa selezione prevale sulle impostazioni dell'app product review.",
          "ja": "この選択は、ご利用の商品レビューアプリの設定よりも優先されます。",
          "ko": "이 섹션에서 제품 검토 앱 설정을 재정의합니다.",
          "nb": "Dette valget overstyrer innstillingene for appen for produktomtaler.",
          "nl": "Deze selectie overschrijft uw app-instellingen voor productrecensies.",
          "pt-BR": "Esta seleção substitui as configurações do app de avaliação de produtos.",
          "pt-PT": "Esta seleção substitui as definições da aplicação de análise de produtos.",
          "sv": "Det här valet överskrider appinställningarna för din produktgranskning.",
          "th": "การเลือกนี้จะแทนที่การตั้งค่าแอปรีวิวสินค้าของคุณ",
          "zh-CN": "此选项会覆盖您的产品评论应用设置。",
          "zh-TW": "此選擇將覆寫您 Product Reviews 應用程式的設定。"
        }
      },
      {
        "type": "header",
        "content": {
          "da": "Overskrift",
          "de": "Header",
          "en": "Header",
          "es": "Encabezado",
          "fi": "Ylätunniste",
          "fr": "En-tête",
          "hi": "हैडर",
          "it": "Header",
          "ja": "ヘッダー",
          "ko": "머리글",
          "nb": "Header",
          "nl": "Koptekst",
          "pt-BR": "Cabeçalho",
          "pt-PT": "Cabeçalho",
          "sv": "Rubrik",
          "th": "ส่วนหัว",
          "zh-CN": "标头",
          "zh-TW": "標頭"
        }
      },
      {
        "type": "color",
        "id": "color_header_background",
        "label": {
          "da": "Baggrund",
          "de": "Hintergrund",
          "en": "Background",
          "es": "Fondo",
          "fi": "Tausta",
          "fr": "Arrière-plan",
          "hi": "पृष्ठभूमि",
          "it": "Sfondo",
          "ja": "背景",
          "ko": "배경",
          "nb": "Bakgrunn",
          "nl": "Achtergrond",
          "pt-BR": "Plano de fundo",
          "pt-PT": "Fundo",
          "sv": "Bakgrund",
          "th": "พื้นหลัง",
          "zh-CN": "背景",
          "zh-TW": "背景"
        },
        "default": "#fff"
      },
      {
        "type": "color",
        "id": "color_header_text",
        "label": {
          "da": "Tekst og links",
          "de": "Text und Links",
          "en": "Text and links",
          "es": "Texto y enlaces",
          "fi": "Teksti ja linkit",
          "fr": "Texte et liens",
          "hi": "टेक्स्ट और लिंक",
          "it": "Testo e link",
          "ja": "テキストとリンク",
          "ko": "텍스트 및 링크",
          "nb": "Tekst og koblinger",
          "nl": "Tekst en links",
          "pt-BR": "Texto e links",
          "pt-PT": "Texto e ligações",
          "sv": "Text och länkar",
          "th": "ข้อความและลิงก์",
          "zh-CN": "文本和链接",
          "zh-TW": "文字與連結"
        },
        "default": "#fff"
      },
      {
        "type": "color",
        "id": "color_header_cart_search",
        "label": {
          "da": "Knap til indkøbskurv og søgefelt",
          "de": "Warenkorb-Schaltfläche und Suchfeld",
          "en": "Cart button and search field",
          "es": "Botón de carrito y campo de búsqueda",
          "fi": "Ostoskori-painike ja hakukenttä",
          "fr": "Bouton du panier et champ de recherche",
          "hi": "कार्ट बटन और खोज फ़ील्ड",
          "it": "Pulsante carrello e campo di ricerca",
          "ja": "カートボタンと検索フィールド",
          "ko": "카트 버튼 및 검색 필드",
          "nb": "Knapp til handlekurv og søkefelt",
          "nl": "Knop winkelwagen en zoekveld",
          "pt-BR": "Botão de carrinho e campo de pesquisa",
          "pt-PT": "Botão do carrinho e campo de pesquisa",
          "sv": "Varukorg och sökfält",
          "th": "ปุ่มตะกร้าสินค้าและแถบค้นหา",
          "zh-CN": "购物车按钮和搜索字段",
          "zh-TW": "購物車按鈕與搜尋欄位"
        },
        "default": "#fff"
      },
      {
        "type": "color",
        "id": "color_nav_bg",
        "label": {
          "da": "Baggrund for hovedmenu",
          "de": "Hintergrund Hauptmenü",
          "en": "Main menu background",
          "es": "Fondo del menú principal",
          "fi": "Päävalikon tausta",
          "fr": "Arrière-plan du menu principal",
          "hi": "मुख्य मेनू पृष्ठभूमि",
          "it": "Sfondo menu principale",
          "ja": "メインメニューの背景",
          "ko": "주요 메뉴 배경",
          "nb": "Bakgrunn for hovedmeny",
          "nl": "Achtergrond hoofdmenu",
          "pt-BR": "Plano de fundo do menu principal",
          "pt-PT": "Fundo do menu principal",
          "sv": "Huvudbakgrund",
          "th": "พื้นหลังเมนูหลัก",
          "zh-CN": "主菜单背景",
          "zh-TW": "主選單背景"
        },
        "default": "#000"
      },
      {
        "type": "color",
        "id": "color_nav_text",
        "label": {
          "da": "Baggrund for menupunkter",
          "de": "Hauptmenüpunkte",
          "en": "Main menu items",
          "es": "Elementos del menú principal",
          "fi": "Päävalikon kohdat",
          "fr": "Éléments du menu principal",
          "hi": "मुख्य मेनू की वस्तुएं",
          "it": "Voci del menu principale",
          "ja": "メインメニューの項目",
          "ko": "주요 메뉴 품목",
          "nb": "Elementer i hovedmenyen",
          "nl": "Artikelen hoofdmenu",
          "pt-BR": "Itens do menu principal",
          "pt-PT": "Itens do menu principal",
          "sv": "Huvudmenyalternativ",
          "th": "รายการเมนูหลัก",
          "zh-CN": "主菜单项",
          "zh-TW": "主選單項目"
        },
        "default": "#fff"
      },
      {
        "type": "header",
        "content": {
          "da": "Tekst",
          "de": "Text",
          "en": "Text",
          "es": "Texto",
          "fi": "Teksti",
          "fr": "Texte",
          "hi": "टेक्स्ट",
          "it": "Testo",
          "ja": "テキスト",
          "ko": "텍스트",
          "nb": "Tekst",
          "nl": "Tekst",
          "pt-BR": "Texto",
          "pt-PT": "Texto",
          "sv": "Text",
          "th": "ข้อความ",
          "zh-CN": "文本",
          "zh-TW": "文字"
        }
      },
      {
        "type": "color",
        "id": "color_body_text",
        "label": {
          "da": "Brødtekst",
          "de": "Nachricht",
          "en": "Body",
          "es": "Cuerpo",
          "fi": "Runko",
          "fr": "Corps",
          "hi": "बॉडी",
          "it": "Corpo",
          "ja": "ボディ",
          "ko": "본문",
          "nb": "Brødtekst",
          "nl": "Hoofdtekst",
          "pt-BR": "Corpo",
          "pt-PT": "Corpo",
          "sv": "Brödtext",
          "th": "เนื้อหา",
          "zh-CN": "正文",
          "zh-TW": "正文"
        },
        "default": "#333333"
      },
      {
        "type": "color",
        "id": "color_heading_text",
        "label": {
          "da": "Overskrifter",
          "de": "Überschriften",
          "en": "Headings",
          "es": "Títulos",
          "fi": "Otsikot",
          "fr": "Titres",
          "hi": "शीर्षक",
          "it": "Titoli",
          "ja": "見出し",
          "ko": "제목",
          "nb": "Overskrifter",
          "nl": "Koppen",
          "pt-BR": "Títulos",
          "pt-PT": "Títulos",
          "sv": "Rubriker",
          "th": "ส่วนหัว",
          "zh-CN": "标题",
          "zh-TW": "標題"
        },
        "default": "#000000",
        "info": {
          "da": "Alle overskrifter og produktpriser med fed",
          "de": "Alle Überschriften und fett gedruckte Produktpreise",
          "en": "All headings and bold product prices",
          "es": "Todos los encabezados y precios de productos en negrita",
          "fi": "Kaikki otsikot ja lihavoitujen tuotteiden hinnat",
          "fr": "Tous les titres et les prix des produits en gras",
          "hi": "सभी शीर्षक और बोल्ड उत्पाद की कीमतें",
          "it": "Tutti i titoli e prezzi dei prodotti in grassetto",
          "ja": "すべての見出しと太字の商品価格",
          "ko": "모든 머리말과 볼드체의 제품 가격",
          "nb": "Alle overskrifter og produktpriser i fet skrift",
          "nl": "Alle koppen en vetgedrukte productprijzen",
          "pt-BR": "Todos os títulos e preços de produtos em negrito",
          "pt-PT": "Todos os títulos e preços de produtos em negrito",
          "sv": "Alla rubriker och fetstilta produktpriser",
          "th": "ส่วนหัวและราคาสินค้าตัวหนาทั้งหมด",
          "zh-CN": "所有标题和粗体产品价格",
          "zh-TW": "所有標題與標示為粗體的產品價格"
        }
      },
      {
        "type": "header",
        "content": {
          "da": "Sidefod",
          "de": "Fußzeile",
          "en": "Footer",
          "es": "Pie de página",
          "fi": "Alatunniste",
          "fr": "Bas de page",
          "hi": "फुटर",
          "it": "Footer",
          "ja": "フッター",
          "ko": "바닥글",
          "nb": "Footer",
          "nl": "Voettekst",
          "pt-BR": "Rodapé",
          "pt-PT": "Rodapé",
          "sv": "Sidfot",
          "th": "ส่วนท้าย",
          "zh-CN": "页脚",
          "zh-TW": "頁尾"
        }
      },
      {
        "type": "color",
        "id": "color_footer_bg",
        "label": {
          "da": "Baggrund",
          "de": "Hintergrund",
          "en": "Background",
          "es": "Fondo",
          "fi": "Tausta",
          "fr": "Arrière-plan",
          "hi": "पृष्ठभूमि",
          "it": "Sfondo",
          "ja": "背景",
          "ko": "배경",
          "nb": "Bakgrunn",
          "nl": "Achtergrond",
          "pt-BR": "Plano de fundo",
          "pt-PT": "Fundo",
          "sv": "Bakgrund",
          "th": "พื้นหลัง",
          "zh-CN": "背景",
          "zh-TW": "背景"
        },
        "default": "#f2f2f2"
      },
      {
        "type": "color",
        "id": "color_footer_text",
        "label": {
          "da": "Tekst",
          "de": "Text",
          "en": "Text",
          "es": "Texto",
          "fi": "Teksti",
          "fr": "Texte",
          "hi": "टेक्स्ट",
          "it": "Testo",
          "ja": "テキスト",
          "ko": "텍스트",
          "nb": "Tekst",
          "nl": "Tekst",
          "pt-BR": "Texto",
          "pt-PT": "Texto",
          "sv": "Text",
          "th": "ข้อความ",
          "zh-CN": "文本",
          "zh-TW": "文字"
        },
        "default": "#636363"
      },
      {
        "type": "color",
        "id": "color_footer_social_link",
        "label": {
          "da": "Ikoner for sociale medier og betaling",
          "de": "Social-Media- und Zahlungs-Symbole",
          "en": "Social media and payment icons",
          "es": "Iconos de redes sociales y de pago",
          "fi": "Sosiaalisen median ja maksun kuvakkeet",
          "fr": "Icônes de médias sociaux et de paiement",
          "hi": "सोशल मीडिया और भुगतान आइकन",
          "it": "Icone dei social media e di pagamento",
          "ja": "ソーシャルメディアと支払いのアイコン",
          "ko": "소셜 미디오 및 결제 아이콘",
          "nb": "Ikoner for sosiale medier og betaling",
          "nl": "Social media en betaalpictogrammen",
          "pt-BR": "Ícones de redes sociais e pagamento",
          "pt-PT": "Ícones de redes sociais e pagamentos",
          "sv": "Sociala medier och betalningsikoner",
          "th": "ไอคอนโซเชียลมีเดียและการชำระเงิน",
          "zh-CN": "社交媒体和付款图标",
          "zh-TW": "社群媒體與付款圖示"
        },
        "default": "#bbbbbb"
      }
    ]
  },
  {
    "name": {
      "da": "Typografi",
      "de": "Typografie",
      "en": "Typography",
      "es": "Tipografía",
      "fi": "Typografia",
      "fr": "Typographie",
      "hi": "Typography",
      "it": "Caratteri tipografici",
      "ja": "文字体裁",
      "ko": "입력 체계",
      "nb": "Typografi",
      "nl": "Typografie",
      "pt-BR": "Tipografia",
      "pt-PT": "Tipografia",
      "sv": "Typografi",
      "th": "ตัวพิมพ์",
      "zh-CN": "版式",
      "zh-TW": "印刷樣式"
    },
    "settings": [
      {
        "type": "header",
        "content": {
          "da": "Basistypografier",
          "de": "Basisstile",
          "en": "Base styles",
          "es": "Estilos base",
          "fi": "Pohjatyylit",
          "fr": "Styles de base",
          "hi": "आधार स्टाइल",
          "it": "Stile di base",
          "ja": "基本スタイル",
          "ko": "기본 스타일",
          "nb": "Grunnstil",
          "nl": "Basisstijlen",
          "pt-BR": "Estilos de base",
          "pt-PT": "Estilos de base",
          "sv": "Basformat",
          "th": "สไตล์มาตรฐาน",
          "zh-CN": "基本样式",
          "zh-TW": "基本樣式"
        }
      },
      {
        "type": "font_picker",
        "id": "type_base_font",
        "label": {
          "da": "Skrifttype",
          "de": "Schriftart",
          "en": "Font",
          "es": "Fuente",
          "fi": "Fontti",
          "fr": "Police",
          "hi": "फ़ॉन्ट",
          "it": "Font",
          "ja": "フォント",
          "ko": "글꼴",
          "nb": "Skrifttype",
          "nl": "Lettertype",
          "pt-BR": "Fonte",
          "pt-PT": "Tipo de letra",
          "sv": "Typsnitt",
          "th": "แบบอักษร",
          "zh-CN": "字体",
          "zh-TW": "字型"
        },
        "default": "montserrat_n5"
      },
      {
        "type": "select",
        "id": "type_base_size",
        "label": {
          "da": "Skriftstørrelse",
          "de": "Schriftgröße",
          "en": "Font size",
          "es": "Tamaño de fuente",
          "fi": "Fonttikoko",
          "fr": "Taille de la police",
          "hi": "फ़ॉन्ट आकार",
          "it": "Dimensione font",
          "ja": "フォントサイズ",
          "ko": "글꼴 사이즈",
          "nb": "Skriftstørrelse",
          "nl": "Lettertype",
          "pt-BR": "Tamanho da fonte",
          "pt-PT": "Tamanho do tipo de letra",
          "sv": "Textstorlek",
          "th": "ขนาดตัวอักษร",
          "zh-CN": "字号",
          "zh-TW": "字形大小"
        },
        "options": [
          {
            "value": "12px",
            "label": {
              "da": "12 px",
              "de": "12px",
              "en": "12px",
              "es": "12px",
              "fi": "12 px",
              "fr": "12 px",
              "hi": "12पिक्सेल",
              "it": "12 px",
              "ja": "12ピクセル",
              "ko": "12픽셀",
              "nb": "12 piksler",
              "nl": "12px",
              "pt-BR": "12px",
              "pt-PT": "12px",
              "sv": "12 px",
              "th": "12px",
              "zh-CN": "12 px",
              "zh-TW": "12px"
            }
          },
          {
            "value": "13px",
            "label": {
              "da": "13 px",
              "de": "13px",
              "en": "13px",
              "es": "13px",
              "fi": "13 px",
              "fr": "13 px",
              "hi": "13पिक्सेल",
              "it": "13 px",
              "ja": "13ピクセル",
              "ko": "13픽셀",
              "nb": "13 piksler",
              "nl": "13px",
              "pt-BR": "13px",
              "pt-PT": "13px",
              "sv": "13 px",
              "th": "13px",
              "zh-CN": "13 px",
              "zh-TW": "13px"
            }
          },
          {
            "value": "14px",
            "label": {
              "da": "14 px",
              "de": "14px",
              "en": "14px",
              "es": "14px",
              "fi": "14 pikseliä",
              "fr": "14 px",
              "hi": "14 पिक्सेल",
              "it": "14 px",
              "ja": "14ピクセル",
              "ko": "14픽셀",
              "nb": "14px",
              "nl": "14px",
              "pt-BR": "14px",
              "pt-PT": "14 px",
              "sv": "14 px",
              "th": "14px",
              "zh-CN": "14 px",
              "zh-TW": "14px"
            }
          },
          {
            "value": "15px",
            "label": {
              "da": "15 px",
              "de": "15px",
              "en": "15px",
              "es": "15px",
              "fi": "15 pikseliä",
              "fr": "15 px",
              "hi": "15 पिक्सेल",
              "it": "15 px",
              "ja": "15ピクセル",
              "ko": "15픽셀",
              "nb": "15px",
              "nl": "15px",
              "pt-BR": "15px",
              "pt-PT": "15 px",
              "sv": "15 px",
              "th": "15px",
              "zh-CN": "15 px",
              "zh-TW": "15px"
            }
          },
          {
            "value": "16px",
            "label": {
              "da": "16 px",
              "de": "16px",
              "en": "16px",
              "es": "16px",
              "fi": "16 pikseliä",
              "fr": "16 px",
              "hi": "16 पिक्सेल",
              "it": "16 px",
              "ja": "16ピクセル",
              "ko": "16픽셀",
              "nb": "16px",
              "nl": "16px",
              "pt-BR": "16px",
              "pt-PT": "16 px",
              "sv": "16 px",
              "th": "16px",
              "zh-CN": "16 px",
              "zh-TW": "16px"
            }
          }
        ]
      },
      {
        "type": "header",
        "content": {
          "da": "Overskriftstypografier",
          "de": "Überschriftstile",
          "en": "Heading styles",
          "es": "Estilos de título",
          "fi": "Otsikkotyyli",
          "fr": "Styles de titre",
          "hi": "शीर्षक स्टाइल",
          "it": "Stile dei titoli",
          "ja": "見出しのスタイル",
          "ko": "머리말 스타일",
          "nb": "Overskriftstiler",
          "nl": "Kopstijlen",
          "pt-BR": "Estilos de cabeçalho",
          "pt-PT": "Estilos de título",
          "sv": "Rubrikformat",
          "th": "สไตล์หัวเรื่อง",
          "zh-CN": "标题样式",
          "zh-TW": "標題樣式"
        }
      },
      {
        "type": "font_picker",
        "id": "type_header_font",
        "label": {
          "da": "Skrifttype",
          "de": "Schriftart",
          "en": "Font",
          "es": "Fuente",
          "fi": "Fontti",
          "fr": "Police",
          "hi": "फ़ॉन्ट",
          "it": "Font",
          "ja": "フォント",
          "ko": "글꼴",
          "nb": "Skrifttype",
          "nl": "Lettertype",
          "pt-BR": "Fonte",
          "pt-PT": "Tipo de letra",
          "sv": "Typsnitt",
          "th": "แบบอักษร",
          "zh-CN": "字体",
          "zh-TW": "字型"
        },
        "default": "montserrat_n7"
      },
      {
        "type": "checkbox",
        "id": "type_header_transform",
        "label": {
          "da": "Skriv overskrifter med store bogstaver",
          "de": "Überschriften groß schreiben",
          "en": "Capitalize headings",
          "es": "Poner títulos en mayúsculas",
          "fi": "Kirjoita otsikot isoilla kirjaimilla",
          "fr": "Mettre les titres en majuscules",
          "hi": "शीर्षक कैपिटलाइज़ करें",
          "it": "Titoli maiuscoli",
          "ja": "見出しを大文字にする",
          "ko": "제목 대문자로 하기",
          "nb": "Gjøre overskriftene store",
          "nl": "Koppen kapitaliseren",
          "pt-BR": "Títulos em maiúsculas",
          "pt-PT": "Colocar títulos em maiúsculas",
          "sv": "Skriv rubriker med stora bokstäver",
          "th": "ทำให้ส่วนหัวเป็นตัวอักษรพิมพ์ใหญ่",
          "zh-CN": "大写标题",
          "zh-TW": "將標題大寫"
        }
      },
      {
        "type": "header",
        "content": {
          "da": "Typografier for navigation og knapper",
          "de": "Navigations- und Schaltflächenstile",
          "en": "Navigation and buttons styles",
          "es": "Estilos de navegación y botones",
          "fi": "Navigointi ja painiketyylit",
          "fr": "Styles de navigation et de boutons",
          "hi": "नेविगेशन और बटन स्टाइल",
          "it": "Stili di navigazione e pulsanti",
          "ja": "ナビゲーションとボタンのスタイル",
          "ko": "탐색 및 버튼 사이즈",
          "nb": "Navigasjon og knappestiler",
          "nl": "Navigatie- en knoppenstijlen",
          "pt-BR": "Estilos de navegação e botões",
          "pt-PT": "Estilos de botões e navegação",
          "sv": "Navigering och knappstorlek",
          "th": "การนำทางและรูปแบบปุ่ม",
          "zh-CN": "网站地图和按钮样式",
          "zh-TW": "導覽與按鈕樣式"
        }
      },
      {
        "type": "font_picker",
        "id": "type_accent_font",
        "label": {
          "da": "Skrifttype for hovedmenu og knap",
          "de": "Schriftart Hauptmenü und Schaltflächen",
          "en": "Main menu and button font",
          "es": "Fuente de menú principal y botón",
          "fi": "Päävalikko ja painikkeen fontti",
          "fr": "Police du menu principal et du bouton",
          "hi": "मुख्य मेनू और बटन फ़ॉन्ट",
          "it": "Menu principale e font pulsante",
          "ja": "メインメニューとボタンのフォント",
          "ko": "기본 메뉴 및 버튼 폰트",
          "nb": "Skrifttype for hovedmeny og knapp",
          "nl": "Lettertype hoofdmenu en knoppen",
          "pt-BR": "Fonte do menu principal e botões",
          "pt-PT": "Tipo de letra do botão e menu principal",
          "sv": "Huvudmeny och knapptypsnitt",
          "th": "เมนูหลักและตัวอักษรของปุ่ม",
          "zh-CN": "主菜单和按钮字体",
          "zh-TW": "主選單與按鈕字形"
        },
        "default": "montserrat_n5"
      },
      {
        "type": "select",
        "id": "type_navigation_size",
        "label": {
          "da": "Skriftstørrelse for hovedmenu",
          "de": "Schriftgröße Hauptmenü",
          "en": "Main menu font size",
          "es": "Tamaño de fuente del menú principal",
          "fi": "Päävalikon fonttikoko",
          "fr": "Taille de la police du menu principal",
          "hi": "मुख्य मेनू फ़ॉन्ट आकार",
          "it": "Dimensione font menu principale",
          "ja": "メインメニューのフォントサイズ",
          "ko": "주요 메뉴 글꼴 사이즈",
          "nb": "Skriftstørrelse i hovedmeny",
          "nl": "Lettergrootte hoofdmenu",
          "pt-BR": "Tamanho da fonte do menu principal",
          "pt-PT": "Tamanho do tipo de letra do menu principal",
          "sv": "Huvudmenyns teckenstorlek",
          "th": "ขนาดตัวอักษรของเมนูหลัก",
          "zh-CN": "主菜单字号",
          "zh-TW": "主選單字型大小"
        },
        "options": [
          {
            "value": "14px",
            "label": {
              "da": "14 px",
              "de": "14px",
              "en": "14px",
              "es": "14px",
              "fi": "14 pikseliä",
              "fr": "14 px",
              "hi": "14 पिक्सेल",
              "it": "14 px",
              "ja": "14ピクセル",
              "ko": "14픽셀",
              "nb": "14px",
              "nl": "14px",
              "pt-BR": "14px",
              "pt-PT": "14 px",
              "sv": "14 px",
              "th": "14px",
              "zh-CN": "14 px",
              "zh-TW": "14px"
            }
          },
          {
            "value": "15px",
            "label": {
              "da": "15 px",
              "de": "15px",
              "en": "15px",
              "es": "15px",
              "fi": "15 pikseliä",
              "fr": "15 px",
              "hi": "15 पिक्सेल",
              "it": "15 px",
              "ja": "15ピクセル",
              "ko": "15픽셀",
              "nb": "15px",
              "nl": "15px",
              "pt-BR": "15px",
              "pt-PT": "15 px",
              "sv": "15 px",
              "th": "15px",
              "zh-CN": "15 px",
              "zh-TW": "15px"
            }
          },
          {
            "value": "16px",
            "label": {
              "da": "16 px",
              "de": "16px",
              "en": "16px",
              "es": "16px",
              "fi": "16 pikseliä",
              "fr": "16 px",
              "hi": "16 पिक्सेल",
              "it": "16 px",
              "ja": "16ピクセル",
              "ko": "16픽셀",
              "nb": "16px",
              "nl": "16px",
              "pt-BR": "16px",
              "pt-PT": "16 px",
              "sv": "16 px",
              "th": "16px",
              "zh-CN": "16 px",
              "zh-TW": "16px"
            }
          },
          {
            "value": "17px",
            "label": {
              "da": "17 px",
              "de": "17px",
              "en": "17px",
              "es": "17px",
              "fi": "17 pikseliä",
              "fr": "17 px",
              "hi": "17 पिक्सेल",
              "it": "17 px",
              "ja": "17ピクセル",
              "ko": "17픽셀",
              "nb": "17px",
              "nl": "17px",
              "pt-BR": "17px",
              "pt-PT": "17 px",
              "sv": "17 px",
              "th": "17px",
              "zh-CN": "17 px",
              "zh-TW": "17px"
            }
          },
          {
            "value": "18px",
            "label": {
              "da": "18 px",
              "de": "18px",
              "en": "18px",
              "es": "18px",
              "fi": "18 pikseliä",
              "fr": "18 px",
              "hi": "18 पिक्सेल",
              "it": "18 px",
              "ja": "18ピクセル",
              "ko": "18픽셀",
              "nb": "18px",
              "nl": "18px",
              "pt-BR": "18px",
              "pt-PT": "18 px",
              "sv": "18 px",
              "th": "18px",
              "zh-CN": "18 px",
              "zh-TW": "18px"
            }
          },
          {
            "value": "19px",
            "label": {
              "da": "19 px",
              "de": "19px",
              "en": "19px",
              "es": "19px",
              "fi": "19 pikseliä",
              "fr": "19 px",
              "hi": "19 पिक्सेल",
              "it": "19 px",
              "ja": "19ピクセル",
              "ko": "19픽셀",
              "nb": "19px",
              "nl": "19px",
              "pt-BR": "19px",
              "pt-PT": "19 px",
              "sv": "19 px",
              "th": "19px",
              "zh-CN": "19 px",
              "zh-TW": "19px"
            }
          }
        ]
      },
      {
        "type": "checkbox",
        "id": "type_navigation_transform",
        "label": {
          "da": "Skriv hovedmenuens punkter med store bogstaver",
          "de": "Hauptmenüpunkte groß schreiben",
          "en": "Capitalize main menu items",
          "es": "Poner en mayúsculas los elementos del menú principal",
          "fi": "Kirjoita päävalikon valinnat isoilla kirjaimilla",
          "fr": "Mettre en majuscules les éléments du menu principal",
          "hi": "मुख्य मेनू आइटम कैप्टलाइज़ करें",
          "it": "Voci del menu principale maiuscole",
          "ja": "メインメニューの項目を大文字にする",
          "ko": "주요 메뉴 항목 대문자로 하기",
          "nb": "Skrive elementer i hovedmenyen med store bokstaver",
          "nl": "Items hoofdmenu kapitaliseren",
          "pt-BR": "Itens do menu principal em maiúsculas",
          "pt-PT": "Itens do menu principal em maiúsculas",
          "sv": "Skriv huvudmenyobjekt med stora bokstäver",
          "th": "ทำให้รายการเมนูหลักเป็นตัวอักษรพิมพ์ใหญ่",
          "zh-CN": "大写主菜单项",
          "zh-TW": "將主選單項目文字大寫"
        }
      },
      {
        "type": "select",
        "id": "type_button_size",
        "label": {
          "da": "Skriftstørrelse for knap",
          "de": "Schriftgröße Schaltflächen",
          "en": "Button font size",
          "es": "Tamaño de fuente del botón",
          "fi": "Painikkeen fonttikoko",
          "fr": "Taille de la police du bouton",
          "hi": "बटन फ़ॉन्ट का आकार",
          "it": "Dimensione font pulsante",
          "ja": "ボタンのフォントサイズ",
          "ko": "버튼 폰트 사이즈",
          "nb": "Skriftstørrelse for knapp",
          "nl": "Lettertype knop",
          "pt-BR": "Tamanho da fonte do botão",
          "pt-PT": "Tamanho do tipo de letra do botão",
          "sv": "Knappens teckenstorlek",
          "th": "ขนาดตัวอักษรของปุ่ม",
          "zh-CN": "按钮字号",
          "zh-TW": "按鈕字形大小"
        },
        "options": [
          {
            "value": "14px",
            "label": {
              "da": "14 px",
              "de": "14px",
              "en": "14px",
              "es": "14px",
              "fi": "14 pikseliä",
              "fr": "14 px",
              "hi": "14 पिक्सेल",
              "it": "14 px",
              "ja": "14ピクセル",
              "ko": "14픽셀",
              "nb": "14px",
              "nl": "14px",
              "pt-BR": "14px",
              "pt-PT": "14 px",
              "sv": "14 px",
              "th": "14px",
              "zh-CN": "14 px",
              "zh-TW": "14px"
            }
          },
          {
            "value": "15px",
            "label": {
              "da": "15 px",
              "de": "15px",
              "en": "15px",
              "es": "15px",
              "fi": "15 pikseliä",
              "fr": "15 px",
              "hi": "15 पिक्सेल",
              "it": "15 px",
              "ja": "15ピクセル",
              "ko": "15픽셀",
              "nb": "15px",
              "nl": "15px",
              "pt-BR": "15px",
              "pt-PT": "15 px",
              "sv": "15 px",
              "th": "15px",
              "zh-CN": "15 px",
              "zh-TW": "15px"
            }
          },
          {
            "value": "16px",
            "label": {
              "da": "16 px",
              "de": "16px",
              "en": "16px",
              "es": "16px",
              "fi": "16 pikseliä",
              "fr": "16 px",
              "hi": "16 पिक्सेल",
              "it": "16 px",
              "ja": "16ピクセル",
              "ko": "16픽셀",
              "nb": "16px",
              "nl": "16px",
              "pt-BR": "16px",
              "pt-PT": "16 px",
              "sv": "16 px",
              "th": "16px",
              "zh-CN": "16 px",
              "zh-TW": "16px"
            }
          },
          {
            "value": "17px",
            "label": {
              "da": "17 px",
              "de": "17px",
              "en": "17px",
              "es": "17px",
              "fi": "17 pikseliä",
              "fr": "17 px",
              "hi": "17 पिक्सेल",
              "it": "17 px",
              "ja": "17ピクセル",
              "ko": "17픽셀",
              "nb": "17px",
              "nl": "17px",
              "pt-BR": "17px",
              "pt-PT": "17 px",
              "sv": "17 px",
              "th": "17px",
              "zh-CN": "17 px",
              "zh-TW": "17px"
            }
          },
          {
            "value": "18px",
            "label": {
              "da": "18 px",
              "de": "18px",
              "en": "18px",
              "es": "18px",
              "fi": "18 pikseliä",
              "fr": "18 px",
              "hi": "18 पिक्सेल",
              "it": "18 px",
              "ja": "18ピクセル",
              "ko": "18픽셀",
              "nb": "18px",
              "nl": "18px",
              "pt-BR": "18px",
              "pt-PT": "18 px",
              "sv": "18 px",
              "th": "18px",
              "zh-CN": "18 px",
              "zh-TW": "18px"
            }
          }
        ]
      },
      {
        "type": "checkbox",
        "id": "type_button_transform",
        "label": {
          "da": "Skriv teksten på knapper med store bogstaver",
          "de": "Großschreibung für Schaltflächen",
          "en": "Capitalize buttons",
          "es": "Poner botones en mayúsculas",
          "fi": "Kirjoita painikkeet isoilla kirjaimilla",
          "fr": "Mettre les boutons en majuscules",
          "hi": "बटन को कैपिटलाइज़ करें",
          "it": "Pulsanti maiuscoli",
          "ja": "ボタンを大文字にする",
          "ko": "버튼 대문자로 하기",
          "nb": "Skrive knappene med store bokstaver",
          "nl": "Knoppen kapitaliseren",
          "pt-BR": "Botões em maiúsculas",
          "pt-PT": "Botões em maiúsculas",
          "sv": "Skriv knapptext med stora bokstäver",
          "th": "ทำให้ปุ่มเป็นตัวอักษรพิมพ์ใหญ่",
          "zh-CN": "大写按钮",
          "zh-TW": "將按鈕文字大寫"
        }
      }
    ]
  },
  {
    "name": {
      "da": "Favoritikon",
      "de": "Favicon",
      "en": "Favicon",
      "es": "Favicon",
      "fi": "Favicon",
      "fr": "Favicon",
      "hi": "Favicon",
      "it": "Favicon",
      "ja": "ファビコン",
      "ko": "Favicon",
      "nb": "Favicon",
      "nl": "Favicon",
      "pt-BR": "Favicon",
      "pt-PT": "Favicon",
      "sv": "Favicon",
      "th": "Favicon",
      "zh-CN": "网站图标",
      "zh-TW": "Favicon"
    },
    "settings": [
      {
        "type": "image_picker",
        "id": "favicon",
        "label": {
          "da": "Favicon-billede",
          "de": "Favicon-Bild",
          "en": "Favicon image",
          "es": "Imagen de favicon",
          "fi": "Favicon-kuva",
          "fr": "Image favicon",
          "hi": "favicon इमेज",
          "it": "Immagine favicon",
          "ja": "ファビコン画像",
          "ko": "파비콘 이미지",
          "nb": "Favicon-bilde",
          "nl": "Favicon-afbeelding",
          "pt-BR": "Imagem favicon",
          "pt-PT": "Imagem Favicon",
          "sv": "Favicon-bild",
          "th": "รูปภาพ Favicon",
          "zh-CN": "网站图标图片",
          "zh-TW": "Favicon 圖片"
        },
        "info": {
          "da": "Skaleres ned til 32 x 32 px",
          "de": "Wird auf 32 x 32 Pixel verkleinert",
          "en": "Will be scaled down to 32 x 32px",
          "es": "Se reducirá a 32 x 32px",
          "fi": "Skaalataan 32 x 32 pikseliin",
          "fr": "Sera réduite à 32 x 32 px",
          "hi": "32 x 32 पिक्सेल के आकार का कर दिया जाएगा",
          "it": "Verrà ridimensionata a 32 x 32 pixel.",
          "ja": "32×32ピクセルに縮小されます。",
          "ko": "32x32 픽셀로 축소됩니다.",
          "nb": "Vil skaleres ned til 32 x 32 px",
          "nl": "Wordt verkleind tot 32x32 pixels",
          "pt-BR": "será reduzida para 32 x 32 pixels",
          "pt-PT": "Será reduzida para 32 x 32 px",
          "sv": "Kommer skalas ned till 32 x 32 px",
          "th": "จะถูกลดขนาดลงเป็น 32 x 32 พิกเซล",
          "zh-CN": "将缩小到 32 x 32px",
          "zh-TW": "將會縮小為 32 x 32 像素"
        }
      }
    ]
  },
  {
    "name": {
      "da": "Indkøbskurv",
      "de": "Warenkorb",
      "en": "Cart",
      "es": "Carrito",
      "fi": "Ostoskori",
      "fr": "Panier",
      "hi": "कार्ट",
      "it": "Carrello",
      "ja": "カート",
      "ko": "카트",
      "nb": "Handlekurv",
      "nl": "Winkelwagen",
      "pt-BR": "Carrinho",
      "pt-PT": "Carrinho",
      "sv": "Kundvagn",
      "th": "ตะกร้าสินค้า",
      "zh-CN": "购物车",
      "zh-TW": "購物車"
    },
    "settings": [
      {
        "type": "checkbox",
        "id": "cart_notes_enable",
        "label": {
          "da": "Aktivér ordrebemærkninger",
          "de": "Bestellhinweis aktivieren",
          "en": "Enable order notes",
          "es": "Habilitar notas de pedido",
          "fi": "Ota tilauksen huomautukset käyttöön",
          "fr": "Activer les notes de commande",
          "hi": "ऑर्डर नोट्स सक्षम करें",
          "it": "Abilita le note sugli ordini",
          "ja": "注文メモを有効にする",
          "ko": "주문 참고 사항 사용",
          "nb": "Aktiver bestillingsmerknader",
          "nl": "Opmerkingen bij bestellingen inschakelen",
          "pt-BR": "Habilitar observações de pedido",
          "pt-PT": "Ativar as notas de encomendas",
          "sv": "Aktivera orderanteckningar",
          "th": "เปิดใช้งานหมายเหตุของคำสั่งซื้อ",
          "zh-CN": "启用订单备注",
          "zh-TW": "啟用訂單備註"
        }
      },
      {
        "type": "select",
        "id": "ajax_cart_method",
        "label": {
          "da": "Indkøbskurvtype",
          "de": "Warenkorbstil",
          "en": "Cart type",
          "es": "Tipo de carrito",
          "fi": "Ostoskorin tyyppi",
          "fr": "Type de panier",
          "hi": "कार्ट प्रकार",
          "it": "Tipi di carrello",
          "ja": "カートタイプ",
          "ko": "카트 유형",
          "nb": "Handlekurvtype",
          "nl": "Winkelwagentype",
          "pt-BR": "Tipo de carrinho",
          "pt-PT": "Tipo de carrinho",
          "sv": "Varukorgstyp",
          "th": "ประเภทตะกร้าสินค้า",
          "zh-CN": "购物车类型",
          "zh-TW": "購物車類型"
        },
        "options": [
          {
            "value": "drawer",
            "label": {
              "da": "Skuffe",
              "de": "Einschub",
              "en": "Drawer",
              "es": "Carrito lateral",
              "fi": "Laatikko",
              "fr": "Tiroir",
              "hi": "ड्रॉवर",
              "it": "Finestra",
              "ja": "ドロワー",
              "ko": "등록기",
              "nb": "Skuff",
              "nl": "Lade",
              "pt-BR": "Caixa registradora",
              "pt-PT": "Gaveta",
              "sv": "Låda",
              "th": "ลิ้นชัก",
              "zh-CN": "抽屉",
              "zh-TW": "收銀機"
            }
          },
          {
            "value": "page",
            "label": {
              "da": "Side",
              "de": "Seite",
              "en": "Page",
              "es": "Página",
              "fi": "Sivu",
              "fr": "Page",
              "hi": "पेज",
              "it": "Pagina",
              "ja": "ページ",
              "ko": "페이지",
              "nb": "Side",
              "nl": "Pagina",
              "pt-BR": "Página",
              "pt-PT": "Página",
              "sv": "Sida",
              "th": "หน้า",
              "zh-CN": "页面",
              "zh-TW": "頁面"
            }
          },
          {
            "value": "modal",
            "label": {
              "da": "Modus",
              "de": "Modal",
              "en": "Modal",
              "es": "Modal",
              "fi": "Modaalinen",
              "fr": "Fenêtre modale",
              "hi": "मोडल",
              "it": "Modal",
              "ja": "モーダル",
              "ko": "모달",
              "nb": "Panel",
              "nl": "Modaal venster",
              "pt-BR": "Modal",
              "pt-PT": "Modal",
              "sv": "Modal",
              "th": "โมดอล",
              "zh-CN": "模式",
              "zh-TW": "互動視窗"
            }
          }
        ]
      }
    ]
  },
  {
    "name": {
      "da": "Sociale medier",
      "de": "Social Media",
      "en": "Social media",
      "es": "Redes sociales",
      "fi": "Sosiaalinen media",
      "fr": "Médias sociaux",
      "hi": "सोशल मीडिया",
      "it": "Social media",
      "ja": "ソーシャルメディア",
      "ko": "소셜 미디어",
      "nb": "Sosiale medier",
      "nl": "Social media",
      "pt-BR": "Redes sociais",
      "pt-PT": "Redes sociais",
      "sv": "Sociala medier",
      "th": "โซเชียลมีเดีย",
      "zh-CN": "社交媒体",
      "zh-TW": "社交媒體"
    },
    "settings": [
      {
        "type": "header",
        "content": {
          "da": "Billede til deling på sociale medier",
          "de": "Social-Sharing-Bild",
          "en": "Social sharing image",
          "es": "Imagen para redes sociales",
          "fi": "Sosiaalisen median jakamiskuva",
          "fr": "Image de partage social",
          "hi": "सोशल शेयरिंग इमेज",
          "it": "Immagine per condivisione social",
          "ja": "SNSでシェアする画像",
          "ko": "소셜 공유 이미지",
          "nb": "Bilde for deling på sosiale medier",
          "nl": "Afbeelding voor delen via social media.",
          "pt-BR": "Imagem de compartilhamento em redes sociais",
          "pt-PT": "Imagem de partilha nas redes sociais",
          "sv": "Bild för social delning",
          "th": "รูปภาพสำหรับแชร์ลงโซเชียล",
          "zh-CN": "社交分享图片",
          "zh-TW": "社群分享圖示"
        }
      },
      {
        "type": "image_picker",
        "id": "share_image",
        "label": {
          "da": "Billede",
          "de": "Foto",
          "en": "Image",
          "es": "Imagen",
          "fi": "Kuva",
          "fr": "Image",
          "hi": "इमेज",
          "it": "Immagine",
          "ja": "画像",
          "ko": "이미지",
          "nb": "Bilde",
          "nl": "Afbeelding",
          "pt-BR": "Imagem",
          "pt-PT": "Imagem",
          "sv": "Bild",
          "th": "รูปภาพ",
          "zh-CN": "图片",
          "zh-TW": "圖片"
        },
        "info": {
          "da": "Vis ved deling af link på sociale medier. [Få mere at vide](https://help.shopify.com/manual/using-themes/troubleshooting/showing-social-media-thumbnail-images/) om miniminiaturer.",
          "de": "Wird angezeigt, wenn ein Link in den sozialen Medien geteilt wird. [Mehr Infos](https://help.shopify.com/manual/using-themes/troubleshooting/showing-social-media-thumbnail-images/) über Bild-Miniaturansichten.",
          "en": "Shown when sharing a link on social media. [Learn more](https://help.shopify.com/manual/using-themes/troubleshooting/showing-social-media-thumbnail-images/) about image thumbnails.",
          "es": "Aparece cuando se comparte un enlace en una red social. [Más información](https://help.shopify.com/manual/using-themes/troubleshooting/showing-social-media-thumbnail-images/) acerca de las miniaturas",
          "fi": "Näkyy, kun jaat linkin sosiaaliseen mediaan. [Lisätietoja](https://help.shopify.com/manual/using-themes/troubleshooting/showing-social-media-thumbnail-images/) tietoa pikkukuvista.",
          "fr": "Affichée lorsqu'un lien est partagé sur les réseaux sociaux. [En savoir plus](https://help.shopify.com/manual/using-themes/troubleshooting/showing-social-media-thumbnail-images/) sur les images miniatures.",
          "hi": "सोशल मीडिया पर लिंक शेयर करते समय दिखाना. [अधिक जानें](https://help.shopify.com/manual/using-themes/troubleshooting/showing-social-media-thumbnail-images/) इमेज थंबनेल के बारे",
          "it": "Mostrata quando si condivide un link sui social media. [Maggiori informazioni](https://help.shopify.com/manual/using-themes/troubleshooting/showing-social-media-thumbnail-images/) sulle immagini di anteprima.",
          "ja": "SNSでリンクがシェアされると表示されます。[詳細情報](https://help.shopify.com/manual/using-themes/troubleshooting/showing-social-media-thumbnail-images/)画像のサムネイルについては、上のリンクを参照してください。",
          "ko": "소셜 미디어에서 링크 공유 시 표시 [자세히 보기](https://help.shopify.com/manual/using-themes/troubleshooting/showing-social-media-thumbnail-images/) 이미지 썸네일에 대해",
          "nb": "Vist når en kobling deles i sosiale medier. [Finn ut mer](https://help.shopify.com/manual/using-themes/troubleshooting/showing-social-media-thumbnail-images/) om miniatyrbilder.",
          "nl": "Wordt weergegeven wanneer u een link deelt via social media. [Meer informatie](https://help.shopify.com/manual/using-themes/troubleshooting/showing-social-media-thumbnail-images/) over miniatuurafbeeldingen.",
          "pt-BR": "Apresentada ao compartilhar um link nas redes sociais. [Saiba mais](https://help.shopify.com/manual/using-themes/troubleshooting/showing-social-media-thumbnail-images/) sobre miniaturas de imagens.",
          "pt-PT": "Apresentada ao partilhar uma ligação nas redes sociais. [Saiba mais](https://help.shopify.com/manual/using-themes/troubleshooting/showing-social-media-thumbnail-images/) sobre miniaturas de imagem.",
          "sv": "Visas när du delar en länk på sociala medier. [Läs mer](https://help.shopify.com/manual/using-themes/troubleshooting/showing-social-media-thumbnail-images/) om miniatyrbilder.",
          "th": "แสดงเมื่อแชร์ลิงก์บนโซเชียลมีเดีย [ดูข้อมูลเพิ่มเติม](https://help.shopify.com/manual/using-themes/troubleshooting/showing-social-media-thumbnail-images/) เกี่ยวกับรูปภาพขนาดย่อ",
          "zh-CN": "在社交媒体上分享链接时显示。[了解有关图片缩略图的详细信息](https://help.shopify.com/manual/using-themes/troubleshooting/showing-social-media-thumbnail-images/)。",
          "zh-TW": "在社群媒體上分享連結時顯示。[深入瞭解](https://help.shopify.com/manual/using-themes/troubleshooting/showing-social-media-thumbnail-images/)圖片縮圖的相關資訊。"
        }
      },
      {
        "type": "header",
        "content": {
          "da": "Konti",
          "de": "Konten",
          "en": "Accounts",
          "es": "Cuentas",
          "fi": "Tilit",
          "fr": "Comptes",
          "hi": "खाते",
          "it": "Account",
          "ja": "アカウント",
          "ko": "계정",
          "nb": "Kontoer",
          "nl": "Accounts",
          "pt-BR": "Contas",
          "pt-PT": "Contas",
          "sv": "Konton",
          "th": "บัญชี",
          "zh-CN": "帐户",
          "zh-TW": "帳戶"
        }
      },
      {
        "type": "text",
        "id": "social_twitter_link",
        "label": {
          "da": "Twitter",
          "de": "Twitter",
          "en": "Twitter",
          "es": "Twitter",
          "fi": "Twitter",
          "fr": "Twitter",
          "hi": "Twitter",
          "it": "Twitter",
          "ja": "Twitter",
          "ko": "트위터",
          "nb": "Twitter",
          "nl": "Twitter",
          "pt-BR": "Twitter",
          "pt-PT": "Twitter",
          "sv": "Twitter",
          "th": "Twitter",
          "zh-CN": "Twitter",
          "zh-TW": "Twitter"
        },
        "info": {
          "da": "https://twitter.com/shopify",
          "de": "https://twitter.com/shopify",
          "en": "https://twitter.com/shopify",
          "es": "https://twitter.com/shopify",
          "fi": "https://twitter.com/shopify",
          "fr": "https://twitter.com/shopify",
          "hi": "https://twitter.com/shopify",
          "it": "https://twitter.com/shopify",
          "ja": "https://twitter.com/shopify",
          "ko": "https://twitter.com/shopify",
          "nb": "https://twitter.com/shopify",
          "nl": "https://twitter.com/shopify",
          "pt-BR": "https://twitter.com/shopify",
          "pt-PT": "https://twitter.com/shopify",
          "sv": "https://twitter.com/shopify",
          "th": "https://twitter.com/shopify",
          "zh-CN": "https://twitter.com/shopify",
          "zh-TW": "https://twitter.com/shopify"
        }
      },
      {
        "type": "text",
        "id": "social_facebook_link",
        "label": {
          "da": "Facebook",
          "de": "Facebook",
          "en": "Facebook",
          "es": "Facebook",
          "fi": "Facebook",
          "fr": "Facebook",
          "hi": "Facebook",
          "it": "Facebook",
          "ja": "Facebook",
          "ko": "페이스북",
          "nb": "Facebook",
          "nl": "Facebook",
          "pt-BR": "Facebook",
          "pt-PT": "Facebook",
          "sv": "Facebook",
          "th": "Facebook",
          "zh-CN": "Facebook",
          "zh-TW": "Facebook"
        },
        "info": {
          "da": "https://facebook.com/shopify",
          "de": "https://facebook.com/shopify",
          "en": "https://facebook.com/shopify",
          "es": "https://www.facebook.com/ShopifyES/",
          "fi": "https://facebook.com/shopify",
          "fr": "https://facebook.com/shopify",
          "hi": "https://facebook.com/shopify",
          "it": "https://facebook.com/shopify",
          "ja": "https://facebook.com/shopify",
          "ko": "https://facebook.com/shopify",
          "nb": "https://facebook.com/shopify",
          "nl": "https://facebook.com/shopify",
          "pt-BR": "https://facebook.com/shopify",
          "pt-PT": "https://facebook.com/shopify",
          "sv": "https://www.facebook.com/shopify",
          "th": "https://facebook.com/shopify",
          "zh-CN": "https://facebook.com/shopify",
          "zh-TW": "https://facebook.com/shopify"
        }
      },
      {
        "type": "text",
        "id": "social_pinterest_link",
        "label": {
          "da": "Pinterest",
          "de": "Pinterest",
          "en": "Pinterest",
          "es": "Pinterest",
          "fi": "Pinterest",
          "fr": "Pinterest",
          "hi": "Pinterest",
          "it": "Pinterest",
          "ja": "Pinterest",
          "ko": "핀터레스트",
          "nb": "Pinterest",
          "nl": "Pinterest",
          "pt-BR": "Pinterest",
          "pt-PT": "Pinterest",
          "sv": "Pinterest",
          "th": "Pinterest",
          "zh-CN": "Pinterest",
          "zh-TW": "Pinterest"
        },
        "info": {
          "da": "https://pinterest.com/shopify",
          "de": "https://pinterest.com/shopify",
          "en": "https://pinterest.com/shopify",
          "es": "https://pinterest.com/shopify",
          "fi": "https://facebook.com/shopify",
          "fr": "https://pinterest.com/shopify",
          "hi": "https://pinterest.com/shopify",
          "it": "https://pinterest.com/shopify",
          "ja": "https://pinterest.com/shopify",
          "ko": "https://pinterest.com/shopify",
          "nb": "https://pinterest.com/shopify",
          "nl": "https://pinterest.com/shopify",
          "pt-BR": "https://pinterest.com/shopify",
          "pt-PT": "https://pinterest.com/shopify",
          "sv": "https://www.pinterest.com/shopify",
          "th": "https://pinterest.com/shopify",
          "zh-CN": "https://pinterest.com/shopify",
          "zh-TW": "https://pinterest.com/shopify"
        }
      },
      {
        "type": "text",
        "id": "social_google_plus_link",
        "label": {
          "da": "Google+",
          "de": "Google+",
          "en": "Google+",
          "es": "Google+",
          "fi": "Google+",
          "fr": "Google+",
          "hi": "Google+",
          "it": "Google+",
          "ja": "Google+",
          "ko": "Google+",
          "nb": "Google+",
          "nl": "Google+",
          "pt-BR": "Google+",
          "pt-PT": "Google+",
          "sv": "Google+",
          "th": "Google+",
          "zh-CN": "Google+",
          "zh-TW": "Google+"
        },
        "info": {
          "da": "https://plus.google.com/+shopify",
          "de": "https://plus.google.com/+shopify",
          "en": "https://plus.google.com/+shopify",
          "es": "https://plus.google.com/+shopify",
          "fi": "https://plus.google.com/+shopify",
          "fr": "https://plus.google.com/+shopify",
          "hi": "https://plus.google.com/+shopify",
          "it": "https://plus.google.com/+shopify",
          "ja": "https://plus.google.com/+shopify",
          "ko": "https://plus.google.com/+shopify",
          "nb": "https://plus.google.com/+shopify",
          "nl": "https://plus.google.com/+shopify",
          "pt-BR": "https://plus.google.com/+shopify",
          "pt-PT": "https://plus.google.com/+shopify",
          "sv": "https://plus.google.com/+shopify",
          "th": "https://plus.google.com/+shopify",
          "zh-CN": "https://plus.google.com/+shopify",
          "zh-TW": "https://plus.google.com/+shopify"
        }
      },
      {
        "type": "text",
        "id": "social_instagram_link",
        "label": {
          "da": "Instagram",
          "de": "Instagram",
          "en": "Instagram",
          "es": "Instagram",
          "fi": "Instagram",
          "fr": "Instagram",
          "hi": "Instagram",
          "it": "Instagram",
          "ja": "Instagram",
          "ko": "Instagram",
          "nb": "Instagram",
          "nl": "Instagram",
          "pt-BR": "Instagram",
          "pt-PT": "Instagram",
          "sv": "Instagram",
          "th": "Instagram",
          "zh-CN": "Instagram",
          "zh-TW": "Instagram"
        },
        "info": {
          "da": "https://instagram.com/shopify",
          "de": "https://instagram.com/shopify",
          "en": "https://instagram.com/shopify",
          "es": "https://instagram.com/shopify",
          "fi": "https://instagram.com/shopify",
          "fr": "https://instagram.com/shopify",
          "hi": "https://instagram.com/shopify",
          "it": "https://instagram.com/shopify",
          "ja": "https://instagram.com/shopify",
          "ko": "https://instagram.com/shopify",
          "nb": "https://instagram.com/shopify",
          "nl": "https://instagram.com/shopify",
          "pt-BR": "https://instagram.com/shopify",
          "pt-PT": "https://instagram.com/shopify",
          "sv": "https://instagram.com/shopify",
          "th": "https://instagram.com/shopify",
          "zh-CN": "https://instagram.com/shopify",
          "zh-TW": "https://instagram.com/shopify"
        }
      },
      {
        "type": "text",
        "id": "social_snapchat_link",
        "label": {
          "da": "Snapchat",
          "de": "Snapchat",
          "en": "Snapchat",
          "es": "Snapchat",
          "fi": "Snapchat",
          "fr": "Snapchat",
          "hi": "Snapchat",
          "it": "Snapchat",
          "ja": "Snapchat",
          "ko": "스냅챗",
          "nb": "Snapchat",
          "nl": "Snapchat",
          "pt-BR": "Snapchat",
          "pt-PT": "Snapchat",
          "sv": "Snapchat",
          "th": "Snapchat",
          "zh-CN": "Snapchat",
          "zh-TW": "Snapchat"
        },
        "info": {
          "da": "https://snapchat.com/add/shopify",
          "de": "https://snapchat.com/add/shopify",
          "en": "https://snapchat.com/add/shopify",
          "es": "https://snapchat.com/add/shopify",
          "fi": "https://snapchat.com/add/shopify",
          "fr": "https://snapchat.com/add/shopify",
          "hi": "https://snapchat.com/add/shopify",
          "it": "https://snapchat.com/add/shopify",
          "ja": "https://snapchat.com/add/shopify",
          "ko": "https://snapchat.com/add/shopify",
          "nb": "https://snapchat.com/add/shopify",
          "nl": "https://snapchat.com/add/shopify",
          "pt-BR": "https://www.snapchat.com/add/shopify",
          "pt-PT": "https://snapchat.com/add/shopify",
          "sv": "https://snapchat.com/add/shopify",
          "th": "https://snapchat.com/add/shopify",
          "zh-CN": "https://snapchat.com/add/shopify",
          "zh-TW": "https://snapchat.com/add/shopify"
        }
      },
      {
        "type": "text",
        "id": "social_tumblr_link",
        "label": {
          "da": "Tumblr",
          "de": "Tumblr",
          "en": "Tumblr",
          "es": "Tumblr",
          "fi": "Tumblr",
          "fr": "Tumblr",
          "hi": "Tumblr",
          "it": "Tumblr",
          "ja": "Tumblr",
          "ko": "텀블러",
          "nb": "Tumblr",
          "nl": "Tumblr",
          "pt-BR": "Tumblr",
          "pt-PT": "Tumblr",
          "sv": "Tumblr",
          "th": "Tumblr",
          "zh-CN": "Tumblr",
          "zh-TW": "Tumblr"
        },
        "info": {
          "da": "https://www.tumblr.com",
          "de": "https://www.tumblr.com",
          "en": "https://www.tumblr.com",
          "es": "https://www.tumblr.com",
          "fi": "https://www.tumblr.com",
          "fr": "https://www.tumblr.com",
          "hi": "https://www.tumblr.com",
          "it": "https://www.tumblr.com",
          "ja": "https://www.tumblr.com",
          "ko": "https://www.tumblr.com\n\n",
          "nb": "https://www.tumblr.com",
          "nl": "https://www.tumblr.com",
          "pt-BR": "https://www.tumblr.com",
          "pt-PT": "https://www.tumblr.com",
          "sv": "https://www.tumblr.com",
          "th": "https://www.tumblr.com",
          "zh-CN": "https://www.tumblr.com",
          "zh-TW": "https://www.tumblr.com"
        }
      },
      {
        "type": "text",
        "id": "social_youtube_link",
        "label": {
          "da": "YouTube",
          "de": "Youtube",
          "en": "YouTube",
          "es": "Youtube",
          "fi": "YouTube",
          "fr": "YouTube",
          "hi": "YouTube",
          "it": "YouTube",
          "ja": "YouTube",
          "ko": "유투브",
          "nb": "YouTube",
          "nl": "YouTube",
          "pt-BR": "YouTube",
          "pt-PT": "YouTube",
          "sv": "YouTube",
          "th": "YouTube",
          "zh-CN": "YouTube",
          "zh-TW": "YouTube"
        },
        "info": {
          "da": "https://www.youtube.com/shopify",
          "de": "https://www.youtube.com/shopify",
          "en": "https://www.youtube.com/shopify",
          "es": "https://www.youtube.com/shopify",
          "fi": "https://facebook.com/shopify",
          "fr": "https://www.youtube.com/shopify",
          "hi": "https://www.youtube.com/shopify",
          "it": "https://www.youtube.com/shopify",
          "ja": "https://www.youtube.com/shopify",
          "ko": "https://www.youtube.com/shopify",
          "nb": "https://www.youtube.com/shopify",
          "nl": "https://www.youtube.com/shopify",
          "pt-BR": "https://www.youtube.com/shopify",
          "pt-PT": "https://www.youtube.com/shopify",
          "sv": "https://www.youtube.com/user/shopify",
          "th": "https://www.youtube.com/shopify",
          "zh-CN": "https://www.youtube.com/shopify",
          "zh-TW": "https://www.youtube.com/shopify"
        }
      },
      {
        "type": "text",
        "id": "social_vimeo_link",
        "label": {
          "da": "Vimeo",
          "de": "Vimeo",
          "en": "Vimeo",
          "es": "Vimeo",
          "fi": "Vimeo",
          "fr": "Vimeo",
          "hi": "Vimeo",
          "it": "Vimeo",
          "ja": "Vimeo",
          "ko": "비메오",
          "nb": "Vimeo",
          "nl": "Vimeo",
          "pt-BR": "Vimeo",
          "pt-PT": "Vimeo",
          "sv": "Vimeo",
          "th": "Vimeo",
          "zh-CN": "Vimeo",
          "zh-TW": "Vimeo"
        },
        "info": {
          "da": "https://vimeo.com/shopify",
          "de": "https://vimeo.com/shopify",
          "en": "https://vimeo.com/shopify",
          "es": "https://vimeo.com/shopify",
          "fi": "https://vimeo.com/shopify",
          "fr": "https://vimeo.com/shopify",
          "hi": "https://vimeo.com/shopify",
          "it": "https://vimeo.com/shopify",
          "ja": "https://vimeo.com/shopify",
          "ko": "https://vimeo.com/shopify",
          "nb": "https://vimeo.com/shopify",
          "nl": "https://vimeo.com/shopify",
          "pt-BR": "https://vimeo.com/shopify",
          "pt-PT": "https://vimeo.com/shopify",
          "sv": "https://vimeo.com/shopify",
          "th": "https://vimeo.com/shopify",
          "zh-CN": "https://vimeo.com/shopify",
          "zh-TW": "https://vimeo.com/shopify"
        }
      },
      {
        "type": "text",
        "id": "social_fancy_link",
        "label": {
          "da": "Fancy",
          "de": "Fancy",
          "en": "Fancy",
          "es": "Fancy",
          "fi": "Fancy",
          "fr": "Fancy",
          "hi": "फ़ेंसी",
          "it": "Fancy",
          "ja": "Fancy",
          "ko": "팬시",
          "nb": "Fancy",
          "nl": "Chique",
          "pt-BR": "Fancy",
          "pt-PT": "Fancy",
          "sv": "Fancy",
          "th": "Fancy",
          "zh-CN": "Fancy",
          "zh-TW": "Fancy"
        },
        "info": {
          "da": "http://fancy.com/shopify",
          "de": "http://fancy.com/shopify",
          "en": "http://fancy.com/shopify",
          "es": "http://fancy.com/shopify",
          "fi": "http://fancy.com/Shopify",
          "fr": "http://fancy.com/shopify",
          "hi": "http://fancy.com/shopify",
          "it": "http://fancy.com/shopify",
          "ja": "http://fancy.com/shopify",
          "ko": "http://fancy.com/shopify",
          "nb": "http://fancy.com/shopify",
          "nl": "http://fancy.com/shopify",
          "pt-BR": "http://fancy.com/shopify",
          "pt-PT": "http://fancy.com/shopify",
          "sv": "http://fancy.com/Shopify",
          "th": "http://fancy.com/shopify",
          "zh-CN": "http://fancy.com/shopify",
          "zh-TW": "http://fancy.com/shopify"
        }
      },
      {
        "type": "header",
        "content": {
          "da": "Deling",
          "de": "Teilen",
          "en": "Sharing",
          "es": "Compartir",
          "fi": "Jakaminen",
          "fr": "Partage",
          "hi": "शेयर करना",
          "it": "Condivisione",
          "ja": "シェアする",
          "ko": "공유",
          "nb": "Deling",
          "nl": "Delen",
          "pt-BR": "Compartilhamento",
          "pt-PT": "Partilha",
          "sv": "Delning",
          "th": "การแชร์",
          "zh-CN": "分享",
          "zh-TW": "分享"
        }
      },
      {
        "type": "select",
        "id": "social_sharing_style",
        "label": {
          "da": "Knaptypografi",
          "de": "Schaltflächenstil",
          "en": "Button style",
          "es": "Estilo de botón",
          "fi": "Painikkeen tyyli",
          "fr": "Style de bouton",
          "hi": "बटन स्टाइल",
          "it": "Stile pulsante",
          "ja": "ボタンのスタイル",
          "ko": "버튼 스타일",
          "nb": "Knappestil",
          "nl": "Knopstijl",
          "pt-BR": "Estilo de botão",
          "pt-PT": "Estilo de botão",
          "sv": "Knappstil",
          "th": "สไตล์ปุ่ม",
          "zh-CN": "按钮样式",
          "zh-TW": "按鈕樣式"
        },
        "options": [
          {
            "value": "is-default",
            "label": {
              "da": "Normal",
              "de": "Normal",
              "en": "Normal",
              "es": "Normal",
              "fi": "Normaali",
              "fr": "Normal",
              "hi": "साधारण",
              "it": "Normale",
              "ja": "ノーマル",
              "ko": "노멀",
              "nb": "Normal",
              "nl": "Normaal",
              "pt-BR": "Normal",
              "pt-PT": "Normal",
              "sv": "Normal",
              "th": "ปกติ",
              "zh-CN": "正常",
              "zh-TW": "一般"
            }
          },
          {
            "value": "is-large",
            "label": {
              "da": "Stor",
              "de": "Groß",
              "en": "Large",
              "es": "Grande",
              "fi": "Suuri",
              "fr": "Grande",
              "hi": "बड़ा",
              "it": "Large",
              "ja": "大",
              "ko": "라지",
              "nb": "Stor",
              "nl": "Groot",
              "pt-BR": "Grande",
              "pt-PT": "Grande",
              "sv": "Stor",
              "th": "ใหญ่",
              "zh-CN": "大",
              "zh-TW": "大型"
            }
          },
          {
            "value": "is-clean",
            "label": {
              "da": "Ren",
              "de": "Clean",
              "en": "Clean",
              "es": "Limpio",
              "fi": "Tyhjä",
              "fr": "Clean",
              "hi": "साफ़",
              "it": "Pulito",
              "ja": "クリーン",
              "ko": "클린",
              "nb": "Ren",
              "nl": "Schoon",
              "pt-BR": "Clean",
              "pt-PT": "Limpo",
              "sv": "Rena",
              "th": "เรียบร้อย",
              "zh-CN": "简洁",
              "zh-TW": "簡潔"
            }
          }
        ]
      },
      {
        "type": "checkbox",
        "id": "share_facebook",
        "label": {
          "da": "Del på Facebook",
          "de": "Auf Facebook teilen",
          "en": "Share on Facebook",
          "es": "Compartir en Facebook",
          "fi": "Jaa Facebookissa",
          "fr": "Partager sur Facebook",
          "hi": "Facebook पर साझा करें",
          "it": "Condividi su Facebook",
          "ja": "Facebookでシェアする",
          "ko": "Facebook에서 공유",
          "nb": "Del på Facebook",
          "nl": "Delen op Facebook",
          "pt-BR": "Compartilhar no Facebook",
          "pt-PT": "Partilhe no Facebook",
          "sv": "Dela på Facebook",
          "th": "แชร์บน Facebook",
          "zh-CN": "在 Facebook 上共享",
          "zh-TW": "分享至 Facebook"
        }
      },
      {
        "type": "checkbox",
        "id": "share_twitter",
        "label": {
          "da": "Tweet på Twitter",
          "de": "Auf Twitter twittern",
          "en": "Tweet on Twitter",
          "es": "Tuitear en Twitter",
          "fi": "Twiittaa Twitterissä",
          "fr": "Tweeter sur Twitter",
          "hi": "Twitter पर ट्वीट करें",
          "it": "Twitta su Twitter",
          "ja": "Twitterに投稿する",
          "ko": "Twitter에서 트윗 작성",
          "nb": "Tweet på Twitter",
          "nl": "Twitteren op Twitter",
          "pt-BR": "Tuitar",
          "pt-PT": "Twittar no Twitter",
          "sv": "Twittra på Twitter",
          "th": "ทวีตบน Twitter",
          "zh-CN": "在 Twitter 上发推文",
          "zh-TW": "在 Twitter 上發佈推文"
        }
      },
      {
        "type": "checkbox",
        "id": "share_pinterest",
        "label": {
          "da": "Pin på Pinterest",
          "de": "Auf Pinterest pinnen",
          "en": "Pin on Pinterest",
          "es": "Pinear en Pinterest",
          "fi": "Pinnaa Pinterestissä",
          "fr": "Épingler sur Pinterest",
          "hi": "Pinterest पर पिन करें",
          "it": "Pinna su Pinterest",
          "ja": "Pinterestでピンする",
          "ko": "Pinterest에 고정하기",
          "nb": "Pin på Pinterest",
          "nl": "Pinnen op Pinterest",
          "pt-BR": "Incluir como pin no Pinterest",
          "pt-PT": "Adicione no Pinterest",
          "sv": "Spara en pin på Pinterest",
          "th": "ปักหมุดบน Pinterest",
          "zh-CN": "固定在 Pinterest 上",
          "zh-TW": "加入 Pinterest"
        }
      }
    ]
  },
  {
    "name": {
      "da": "Prisformat",
      "de": "Preisformat",
      "en": "Price format",
      "es": "Formato de precio",
      "fi": "Hinnan muoto",
      "fr": "Format de prix",
      "hi": "कीमत का प्रारूप",
      "it": "Formato del prezzo",
      "ja": "価格のフォーマット",
      "ko": "가격 형식",
      "nb": "Prisformat",
      "nl": "Prijsindeling",
      "pt-BR": "Formatos dos preços",
      "pt-PT": "Formato do preço",
      "sv": "Prisformat",
      "th": "รูปแบบราคา",
      "zh-CN": "价格格式",
      "zh-TW": "價格格式"
    },
    "settings": [
      {
        "type": "checkbox",
        "id": "superscript_decimals",
        "label": {
          "da": "Vis cents med hævet skrift",
          "de": "Cents hochgestellt anzeigen",
          "en": "Show cents as superscript",
          "es": "Mostrar centavos como superíndice",
          "fi": "Näytä sentit yläindeksinä",
          "fr": "Afficher les centimes en exposant",
          "hi": "सुपरस्क्रिप्ट के रूप में सेंट दिखाएं",
          "it": "Mostra centesimi come apice",
          "ja": "セントを上付き文字で表示する",
          "ko": "센트를 어깨글자로 표시",
          "nb": "Vis cent som hevet skrift",
          "nl": "Toon centen als superscript",
          "pt-BR": "Apresentar centavos como sobrescrito",
          "pt-PT": "Mostrar cêntimos como superior à linha",
          "sv": "Visa cents som superscript",
          "th": "แสดงเศษในรูปแบบตัวยก",
          "zh-CN": "将分币显示为上标",
          "zh-TW": "將美分顯示為上標"
        },
        "info": {
          "da": "Denne indstilling træder ikke i kraft, hvis du bruger en [currency selector](https://help.shopify.com/themes/customization/currencies/switch-between-two-currencies) eller et format, der anvender punktum før tallet. For eksempel: 1.000,00 DKK. [More info.](https://help.shopify.com/manual/using-themes/themes-by-shopify/supply#price-format-general-settings-specific)",
          "de": "Diese Einstellung gilt nicht, wenn Sie eine [Währungsauswahl](https://help.shopify.com/themes/customization/currencies/switch-between-two-currencies) oder ein Format verwenden, das einen Punkt vor der Zahl verwendet. Zum Beispiel: RS.1,000.00. [Mehr Infos.](https://help.shopify.com/manual/using-themes/themes-by-shopify/supply#price-format-general-settings-specific)",
          "en": "This setting won't apply if you're using a [currency selector](https://help.shopify.com/themes/customization/currencies/switch-between-two-currencies) or format that includes a period before the number. For example: RS.1,000.00. [More info.](https://help.shopify.com/manual/using-themes/themes-by-shopify/supply#price-format-general-settings-specific)",
          "es": "Esta configuración no se aplicará si estás utilizando un [selector de monedas](https://help.shopify.com/themes/customization/currencies/switch-between-two-currencies) o un formato que incluya un punto antes del número. Por ejemplo: RS.1,000.00. [Más información](https://help.shopify.com/manual/using-themes/themes-by-shopify/supply#price-format-general-settings-specific)",
          "fi": "Tätä asetusta ei sovelleta, jos käytössäsi on [valuuttavalitsin](https://help.shopify.com/themes/customization/currencies/switch-between-two-currencies) tai muotoilu, jossa on piste ennen numeroa. Esimerkiksi: RS. 1000,00. [Lisätietoja.](https://help.shopify.com/manual/using-themes/themes-by-shopify/supply#price-format-general-settings-specific)",
          "fr": "Ce paramètre ne s'applique pas si vous utilisez un [sélecteur de devise](https://help.shopify.com/themes/customization/currencies/switch-between-two-currencies) ou un format comportant une virgule avant le nombre. Par exemple : RS.1,000.00. [Plus d'infos.](https://help.shopify.com/manual/using-themes/themes-by-shopify/supply#price-format-general-settings-specific)",
          "hi": "यदि आप [currency selector](https://help.shopify.com/themes/customization/currencies/switch-between-two-currencies) का उपयोग कर रहे हैं तो यह सेटिंग लागू नहीं होगी या प्रारूप जिसमें संख्या से पहले की अवधि शामिल है. उदाहरण के लिए: RS.1,000.00. [अधिक जानकारीके लिए.](https://help.shopify.com/manual/using-themes/themes-by-shopify/supply#price-format-general-settings-specific)",
          "it": "Questa impostazione non verrà applicata se utilizzi un [selettore di valuta](https://help.shopify.com/themes/customization/currencies/switch-between-two-currencies) o formato che include un punto prima del numero. Ad esempio: RS.1,000.00. [Maggiori informazioni](https://help.shopify.com/manual/using-themes/themes-by-shopify/supply#price-format-general-settings-specific)",
          "ja": "この設定は、[通貨選択](https://help.shopify.com/themes/customization/currencies/switch-between-two-currencies)、または数値の前にピリオドを含むフォーマットを使用している場合には適用されません。例: RS.1,000.00.[詳細情報](https://help.shopify.com/manual/using-themes/themes-by-shopify/supply#price-format-general-settings-specific)",
          "ko": "이 설정은 [통화 선택기]를 사용하는 경우에는 적용되지 않습니다.(https://help.shopify.com/themes/customization/currencies/switch-between-two-currencies) 또는 숫자 앞에 마침표가 포함된 형식에도 적용되지 않습니다. 예: RS.1,000.00. [자세히 알아보기](https://help.shopify.com/manual/using-themes/themes-by-shopify/supply#price-format-general-settings-specific)",
          "nb": "Denne innstillingen gjelder ikke hvis du bruker en [valutavelger](https://help.shopify.com/themes/customization/currencies/switch-between-two-currencies) eller format som inkluderer et punktum før tallet. For eksempel: RS. 1.000,00. [Mer info.](https://help.shopify.com/manual/using-themes/themes-by-shopify/supply#price-format-general-settings-specific)",
          "nl": "Deze instelling is niet van toepassing als u een [valutakiezer](https://help.shopify.com/themes/customization/currencies/switch-between-two-currencies) gebruikt of indeling die een periode vóór het nummer bevat. Bijvoorbeeld: RS.1.000,00. [Meer informatie.](https://help.shopify.com/manual/using-themes/themes-by-shopify/supply#price-format-general-settings-specific)",
          "pt-BR": "Esta configuração não se aplica se você estiver usando um [seletor de moeda](https://help.shopify.com/themes/customization/currencies/switch-between-two-currencies) ou formato que inclua um ponto antes do número. Por exemplo: RS.1.000,00. [Mais informações](https://help.shopify.com/manual/using-themes/themes-by-shopify/supply#price-format-general-settings-specific)",
          "pt-PT": "Esta definição não se aplica se estiver a utilizar um [seletor de moeda](https://help.shopify.com/themes/customization/currencies/switch-between-two-currencies) ou formato que inclua um ponto antes do número. Por exemplo: RS.1.000,00. [Mais informações](https://help.shopify.com/manual/using-themes/themes-by-shopify/supply#price-format-general-settings-specific)",
          "sv": "Den här inställningen gäller inte om du använder en [valutaväljare](https://help.shopify.com/themes/customization/currencies/switch-between-two-currencies) eller format som innehåller en period före numret. Till exempel: RS.1000,00. [Mer information.](Https://help.shopify.com/manual/using-themes/themes-by-shopify/supply#price-format-general-settings-specific)",
          "th": "จะไม่ปรับใช้การตั้งค่านี้หากคุณใช้ [ตัวเลือกสกุลเงิน](https://help.shopify.com/themes/customization/currencies/switch-between-two-currencies) หรือรูปแบบที่มีจุดก่อนหน้าตัวเลข เช่น: RS.1,000.00 [ดูข้อมูลเพิ่มเติม](https://help.shopify.com/manual/using-themes/themes-by-shopify/supply#price-format-general-settings-specific)",
          "zh-CN": "如果您要使用 [货币选择器](https://help.shopify.com/themes/customization/currencies/switch-between-two-currencies) 或数字前含有句点的格式（例如 RS.1,000.00），则此设置不适用。[详细信息](https://help.shopify.com/manual/using-themes/themes-by-shopify/supply#price-format-general-settings-specific)",
          "zh-TW": "如果您使用 [幣別選擇器](https://help.shopify.com/themes/customization/currencies/switch-between-two-currencies)或數字前方帶有英文句點的格式，則無法套用此設定。例如：RS.1,000.00。[更多資訊](https://help.shopify.com/manual/using-themes/themes-by-shopify/supply#price-format-general-settings-specific)"
        }
      }
    ]
  }
]