{"current":{"color_accent":"#efd8d1","color_text":"#363636","color_meta_text":"#757575","color_button_text":"#ffffff","color_bg":"#ffffff","color_border":"#e2e2e2","color_input":"#ffffff","color_input_text":"#3a3a3a","color_secondary_button":"#f7f7f7","color_secondary_button_text":"#494949","color_sale_badge":"#b6534c","color_success_message":"#82b875","color_error_message":"#b6534c","color_header_text":"#363636","color_header_bg":"#ffffff","color_header_border":"#e2e2e2","color_header_icon":"#9a9a9a","color_contrast_text":"#363636","color_contrast_meta_text":"#707070","color_contrast_bg":"#f9f9f9","color_contrast_border":"#e2e2e2","color_contrast_input":"#ffffff","color_contrast_input_text":"#7c7c7c","color_navigation_text":"#ffffff","color_navigation_meta_text":"#7da8a9","color_navigation_bg":"#e7b291","color_navigation_border":"#efd4a8","color_navigation_feature":"#244960","color_drawer_text":"#ffffff","color_drawer_meta_text":"#e6b08f","color_drawer_bg":"#1b4142","color_drawer_border":"#e8cecb","color_footer_text":"#363636","color_footer_meta_text":"#737373","color_footer_bg":"#f9f9f9","color_footer_border":"#e2e2e2","color_footer_input":"#ffffff","color_footer_input_text":"#7c7c7c","font_heading":"electra_n4","size_heading":15,"uppercase_headings":false,"font_body":"assistant_n4","size_body":15,"font_logo":"electra_n7","font_logo_size":22,"share_image":"","share_facebook":true,"share_twitter":true,"share_pinterest":true,"social_twitter_link":"twitter.com\/zayaniarugs","social_facebook_link":"","social_pinterest_link":"https:\/\/www.pinterest.com\/azilalrugs","social_instagram_link":"instagram.com\/Zayaniarugs","social_snapchat_link":"","social_tumblr_link":"","social_youtube_link":"","social_vimeo_link":"","cart_notes_enable":true,"quick_cart_note":"Your subtotal today is [subtotal]. Shipping and taxes will calculated at checkout.","show_multiple_currencies":true,"currency_format":"money_with_currency_format","supported_currencies":"INR GBP CAD USD AUD EUR JPY","default_currency":"USD","favicon":"","checkout_header_image":"","checkout_logo_image":"","checkout_logo_position":"left","checkout_logo_size":"medium","checkout_body_background_image":"","checkout_body_background_color":"#fff","checkout_input_background_color_mode":"white","checkout_sidebar_background_image":"","checkout_sidebar_background_color":"#fafafa","checkout_heading_font":"-apple-system, BlinkMacSystemFont, 'Segoe UI', Roboto, Helvetica, Arial, sans-serif, 'Apple Color Emoji', 'Segoe UI Emoji', 'Segoe UI Symbol'","checkout_body_font":"-apple-system, BlinkMacSystemFont, 'Segoe UI', Roboto, Helvetica, Arial, sans-serif, 'Apple Color Emoji', 'Segoe UI Emoji', 'Segoe UI Symbol'","checkout_accent_color":"#197bbd","checkout_button_color":"#197bbd","checkout_error_color":"#e32c2b","sections":{"dynamic-featured-product":{"type":"dynamic-featured-product","settings":{"product":"","show_vendor":true,"show_share_buttons":false,"enable_payment_button":true,"outline":false}},"static-footer":{"type":"static-footer","blocks":{"static-footer-0":{"type":"text","settings":{"title":"About the shop","text":"<p>Use this text area to tell your customers about your brand and vision. You can change it in the theme settings.<\/p>"}},"static-footer-1":{"type":"link_list","settings":{"menu":"main-menu"}},"static-footer-2":{"type":"link_list","settings":{"menu":"footer"}}},"block_order":["static-footer-0","static-footer-1","static-footer-2"],"settings":{"show_newsletter_signup":true,"show_payment_icons":true}},"static-header":{"type":"static-header","settings":{"announcement_bar_enabled":true,"announcement_bar_text":"FREE shipping to USA\/EU","announcement_bar_link":"","logo":"","logo_max_width":120,"menu":"main-menu","transparent_header_enabled":true,"transparent_header_foreground_color":"#ffffff","transparent_header_border_color":"#ffffff","transparent_header_border_opacity":10,"transparent_header_logo":"","search_quick_links":""}},"product":{"type":"product","settings":{"show_vendor":true,"show_share_buttons":true,"enable_payment_button":true}},"static-blog-posts":{"type":"static-blog-posts","settings":{"enabled":false,"title":"Blog posts","blog":"news","post_limit":3}},"static-recently-viewed":{"type":"static-recently-viewed","settings":{"enabled":false,"title":"Recently Viewed","alignment":"left","rows":1,"per_row":3,"outline":false}},"static-collection":{"type":"static-collection","settings":{"show_collection_image":false}},"static-product-images":{"type":"static-product-images","settings":{"enabled":true}},"static-contact":{"type":"static-contact","settings":{"heading":"Email us","subheading":"<p>Send us an email through the form. We usually respond within one business day.<\/p>"}},"static-article":{"type":"static-article","settings":{"overlay_opacity":20,"overlay_color":"#000000","text_color":"#ffffff"}},"dynamic-social-icons":{"type":"dynamic-social-icons","settings":{"title":"Start the conversation","pinterest_enabled":true,"instagram_enabled":true,"facebook_enabled":false,"tumblr_enabled":false,"twitter_enabled":true,"vimeo_enabled":false,"youtube_enabled":false,"outline":false}},"dynamic-slideshow":{"type":"dynamic-slideshow","blocks":{"dynamic-slideshow-0":{"type":"slide","settings":{"image":"shopify:\/\/shop_images\/SmartSelect_20190829-044343_Gmail.jpg","video_url":"","title":"Finest Moroccan Rugs","subheading":"Authentic Moroccan rugs made and managed by Berber weavers.","link":"","link_text":"","link_style":"button","overlay_opacity":60,"overlay_color":"#707070","text_color":"#ffffff","heading_max_width":15,"text_max_width":21,"horizontal_text_position":"left","vertical_text_position":"middle"}},"dynamic-slideshow-1":{"type":"slide","settings":{"image":"shopify:\/\/shop_images\/ASSYAMOUSSAID.COM_moroccan_rugs_artist_47b42bfa-4627-40e8-b8f2-bd1b900eaae9.jpg","video_url":"","title":"Founded by Berber Moroccan artist","subheading":"Rugs have been made in my family for generations. \nI've combined my art formal education abroad & my passion for humanity to create the finest Moroccan rugs, that directly benefit  weavers in my Atlas community of Morocco.","link":"","link_text":"","link_style":"button","overlay_opacity":60,"overlay_color":"#707070","text_color":"#ffffff","heading_max_width":14,"text_max_width":30,"horizontal_text_position":"left","vertical_text_position":"middle"}},"1588717633787":{"type":"slide","settings":{"image":"shopify:\/\/shop_images\/20200504_170603.jpg","video_url":"","title":"","subheading":"","link":"","link_text":"","link_style":"button","overlay_opacity":60,"overlay_color":"#707070","text_color":"#ffffff","heading_max_width":16,"text_max_width":24,"horizontal_text_position":"left","vertical_text_position":"middle"}},"1588717725966":{"type":"slide","settings":{"image":"shopify:\/\/shop_images\/Moroccan_rug_azilal_rug_pink_rug_morrocan_rug_zayania_330b8d0a-d0b2-4c8c-ab78-0eeea8903ec3.jpg","video_url":"","title":"","subheading":"","link":"","link_text":"","link_style":"button","overlay_opacity":60,"overlay_color":"#707070","text_color":"#ffffff","heading_max_width":16,"text_max_width":24,"horizontal_text_position":"left","vertical_text_position":"middle"}}},"block_order":["dynamic-slideshow-0","dynamic-slideshow-1","1588717633787","1588717725966"],"settings":{"aspect_ratio":"full_height"}},"dynamic-rich-text":{"type":"dynamic-rich-text","settings":{"title":"Welcome to the source of the finest Moroccan rugs","text":"<p>We pride ourselves as an authentic fair-trade project founded and managed by Berber weaving ladies and families. We make the finest Berber Rugs, and only use high quality handspun wool. We excel at custom rugs, nursery rugs and for any other space. We also offer a carefully curated selection of vintage moroccan rugs sold on behalf of previous owners in our Berber community.<\/p>"}},"dynamic-collage":{"type":"dynamic-collage","blocks":{"dynamic-collage-1":{"type":"grid_item","settings":{"image":"shopify:\/\/shop_images\/IMG_20200209_004613_433.jpg","size":"large","video_url":"","overlay_opacity":20,"overlay_color":"#000000","text_color":"#ffffff","heading":"Custom Rugs by Zayania","subheading":"Let Zayania create your unique Moroccan rug, that you'll cherish a lifetime. You can specify your prefered colors for multiple drafts by the rug artist. Our custom orders don't cost more, in fact they cost less as they are already made to be immediately sold and not to be listed awaiting sale.\nGet in touch via instagram & send a Direct Message, for a prompt response to get started on your lifetime rug.","text_max_width":34,"link":"http:\/\/instagram.com\/zayaniarugs","link_text":"Connect Instantly","link_style":"button","horizontal_text_position":"left","vertical_text_position":"middle"}},"dynamic-collage-0":{"type":"grid_item","settings":{"image":"shopify:\/\/shop_images\/IMG_20200116_064654_201.jpg","size":"small","video_url":"shopify:\/\/collections\/all","overlay_opacity":20,"overlay_color":"#000000","text_color":"#ffffff","heading":"High quality handspun wool","subheading":"We make our rugs the traditional way our grandmothers taught us. We wash the natural wool, handspin it for a fine lifetime rug.","text_max_width":20,"link":"shopify:\/\/products\/gorgeous-5-8-azilal-rug-morrocan-rug-pink-pastels-pattern-authentic-high-atlas-rug-bedroom-rug-living-room-rug-nursery-rug-boho-rug","link_text":"Click for our Betseller Stunning Rug","link_style":"button","horizontal_text_position":"left","vertical_text_position":"middle"}},"dynamic-collage-3":{"type":"grid_item","settings":{"image":"shopify:\/\/shop_images\/ZAYANIA_COM.jpg","size":"small","video_url":"","overlay_opacity":50,"overlay_color":"#000000","text_color":"#ffffff","heading":"Zayania Heritage","subheading":"This project is dedicated to the souls of my grandmothers Safia and Aicha, who passed on the weaving heritage and kindness to me.","text_max_width":19,"link":"shopify:\/\/blogs\/news","link_text":"Read our Stories","link_style":"button","horizontal_text_position":"left","vertical_text_position":"middle"}}},"block_order":["dynamic-collage-1","dynamic-collage-0","dynamic-collage-3"],"settings":{}},"dynamic-testimonials":{"type":"dynamic-testimonials","blocks":{"dynamic-testimonials-0":{"type":"testimonial","settings":{"icon":"shopify:\/\/shop_images\/woman-wades-in-ocean-at-sunset.jpg","quote":"This rug is the most beautiful piece of art I have ever owned!! I am so in love with all of the pieces in this shop and the fact that they are designed and made with such love and care makes purchasing one such a wonderful experience. I will definitely be purchasing from this shop again one day! (Also it shipped from Morocco to California at lightning speed)","author":"Annie and Erin"}},"1582340849054":{"type":"testimonial","settings":{"icon":"shopify:\/\/shop_images\/IMG_20200220_050941_199.jpg","quote":"Bought this gorgeous rug from Morocco from @ZayaniaRugs for the bb's room. Thank you so much for this work of art.","author":"Brittany Morgan"}},"1582343741774":{"type":"testimonial","settings":{"icon":"shopify:\/\/shop_images\/flowers-in-yellow-watering-can.jpg","quote":"Beautiful rug, my cat is crazy over it too!","author":"Xueling"}},"1582343830249":{"type":"testimonial","settings":{"icon":"","quote":"Beautiful, wonderful, amazing, fantastic, incredible, the best rug I have ever bought, so worth the money, a kind seller , with great communication, sent it quickly, all good, can’t reccomend or Thankyou enough","author":"Dilly Dinosaur"}},"1582343913003":{"type":"testimonial","settings":{"icon":"","quote":"I absolutely LOVE my new rug. It came to me so quickly and is very soft and more beautiful in person!","author":"Lisa Larkin"}},"1582343955875":{"type":"testimonial","settings":{"icon":"","quote":"Wonderful rug. Clean and exactly as described.","author":"Brannon B"}},"1582344018780":{"type":"testimonial","settings":{"icon":"","quote":"","author":""}}},"block_order":["dynamic-testimonials-0","1582340849054","1582343741774","1582343830249","1582343913003","1582343955875","1582344018780"],"settings":{"icon_width":40,"outline":false}},"dynamic-full-width-image":{"type":"dynamic-full-width-image","settings":{"image":"shopify:\/\/shop_images\/Moroccan_rug_azilal_rug_pink_rug_morrocan_rug_zayania.jpg","video_url":"https:\/\/cdn.shopify.com\/s\/files\/1\/0131\/4127\/8779\/files\/20200215_194536.mp4?306","aspect_ratio":"3_2","overlay_opacity":60,"overlay_color":"#707070","text_color":"#ffffff","title":"Made and managed by Berber weavers and families","subheading":"Fatima, 16 year old studious high schooler is helping  finish on time, as the official weaver for this rug is indisposed. I am taking a video, while our little Bushra is playing supervisor:)","text_max_width":29,"link":"http:\/\/instagram.com\/zayaniarugs","link_text":"Our process","link_style":"button","horizontal_text_position":"center","vertical_text_position":"middle"}},"dynamic-featured-collection":{"type":"dynamic-featured-collection","settings":{"collection":"vintage-moroccan-rugs","title":"Unique Vintage Rugs","collection_subheading":"Authentic Vintage Moroccan Area Rugs","link_text":"","heading_alignment":"left","products_per_row":3,"rows":1,"outline":false}},"dynamic-featured-collection-1":{"type":"dynamic-featured-collection","settings":{"collection":"boucherouite-rugs","title":"Fun Boucherouite Rugs","collection_subheading":"A bold and colorful touch to any space. Boucherouite, The perfect  indoors and outdoors rug!","link_text":"","heading_alignment":"left","products_per_row":3,"rows":1,"outline":false}},"dynamic-full-width-image-2":{"type":"dynamic-full-width-image","settings":{"image":"shopify:\/\/shop_images\/Henna_Moroccan_Rug_Vintage_Azilal_Berber_Rug_Assya_Moussaid.jpg","video_url":"","aspect_ratio":"3_2","overlay_opacity":30,"overlay_color":"#707070","text_color":"#ffffff","title":"Ultimate Selection of Unique Vintage Berber rugs","subheading":"If you are looking for a unique authentic vintage Berber rare rug, you've come to the right place. Our carefully curated selection of vintage Moroccan rugs will make you gasp!","text_max_width":30,"link":"shopify:\/\/collections\/vintage-moroccan-rugs","link_text":"Browse","link_style":"button","horizontal_text_position":"center","vertical_text_position":"middle"}},"dynamic-collage-2":{"type":"dynamic-collage","blocks":{"dynamic-collage-2-2":{"type":"grid_item","settings":{"image":"shopify:\/\/shop_images\/zayania_vert_bouteille_wedding_blanket_berber_blanket_moroccan_rug_sequined.jpg","size":"large","video_url":"","overlay_opacity":20,"overlay_color":"#000000","text_color":"#ffffff","heading":"Our wedding blankets","subheading":"or bride's blanket, is what Middle Atlas berbers (Zayane) gift to a bride. My mom still treasures hers since the late seventies.\nLet us make you a unique custom size\/color wedding blanket.","text_max_width":19,"link":"","link_text":"","link_style":"button","horizontal_text_position":"left","vertical_text_position":"middle"}},"dynamic-collage-2-1":{"type":"grid_item","settings":{"image":"shopify:\/\/shop_images\/Moroccan_rug_azilal_rug_pink_rug_morrocan_rug_zayania_330b8d0a-d0b2-4c8c-ab78-0eeea8903ec3.jpg","size":"large","video_url":"","overlay_opacity":20,"overlay_color":"#000000","text_color":"#ffffff","heading":"Something unique","subheading":"Customize your Zayania Berber fine rug. Custom size, colors, and design by Assya Zayania \nFind me on instagram DM for an instant chat about your perfect rug!\n@ZayaniaRugs","text_max_width":19,"link":"","link_text":"","link_style":"button","horizontal_text_position":"center","vertical_text_position":"top"}},"dynamic-collage-2-0":{"type":"grid_item","settings":{"image":"shopify:\/\/shop_images\/zayania_rugs_wedding_blanket_taghnast_zayania_moroccan_rug_morrocan_rug_wedding_blanket_sequined_azilalrugs.com_azilal_rugs.jpg","size":"small","video_url":"","overlay_opacity":10,"overlay_color":"#000000","text_color":"#ffffff","heading":"Shine bright like a Zayania Wedding blanket","subheading":"","text_max_width":20,"link":"#","link_text":"Don't forget to add a link or two","link_style":"arrow_link","horizontal_text_position":"left","vertical_text_position":"top"}},"dynamic-collage-2-3":{"type":"grid_item","settings":{"image":"shopify:\/\/shop_images\/zayania_azilal_rugs_moroccan_rugs_beni_ourain_rugs_azilalrugs.com_fine_morrocan_rugs_wedding_blankets_girl_peaking_through_berber_woman_berber_girl.jpg","size":"small","video_url":"","overlay_opacity":40,"overlay_color":"#000000","text_color":"#ffffff","heading":"We are happy you found us","subheading":"Founded by Moroccan Berber humanist Artist, Zayania, living among the mountains community, our fair-trade rugs equal happy weavers that make a lasting fine rug for you.","text_max_width":19,"link":"#","link_text":"Don't forget to add a link or two","link_style":"arrow_link","horizontal_text_position":"left","vertical_text_position":"top"}}},"block_order":["dynamic-collage-2-2","dynamic-collage-2-1","dynamic-collage-2-0","dynamic-collage-2-3"],"settings":{}},"dynamic-newsletter":{"type":"dynamic-newsletter","settings":{"title":"Exclusive discounts and promos:","subheading":"<p>We are generous and grateful, and we would love to message you about future offers, discounts, and our mountain weaving lives. We won't flood you, perhaps once every two weeks and on special holidays&nbsp; only! :)<\/p>","outline":false}},"dynamic-full-width-image-3":{"type":"dynamic-full-width-image","settings":{"image":"shopify:\/\/shop_images\/zayania_azilalrugs.com_azilal_rugs_beni_ourain_rugs_morrocan_rug_wedding_blanket_berber_heritage_morocco_rugs.jpg","video_url":"","aspect_ratio":"3_2","overlay_opacity":20,"overlay_color":"#000000","text_color":"#ffffff","title":"Zayania Heritage","subheading":"I was fortunate to love the English language and excel at it, and to have studied and lived in North America. Back to Morocco, I decided to help my people and their children have a comfortable life, to follow through education and carry on the heritage and sustain. ZAYANIA","text_max_width":16,"link":"http:\/\/Instagram.com\/kickassia","link_text":"Follow me on Instagram","link_style":"button","horizontal_text_position":"left","vertical_text_position":"middle"}},"static-testimonials":{"type":"static-testimonials","settings":{"enabled":false,"icon_width":40,"outline":false}},"static-newsletter":{"type":"static-newsletter","settings":{"enabled":false,"title":"Newsletters can reinforce your brand","subheading":"<p>Include a short sentence describing what someone can expect from your newsletter.<\/p>","outline":false}},"static-social-icons":{"type":"static-social-icons","settings":{"enabled":false,"title":"Start the conversation","pinterest_enabled":false,"instagram_enabled":false,"facebook_enabled":false,"tumblr_enabled":false,"twitter_enabled":false,"vimeo_enabled":false,"youtube_enabled":false,"outline":false}},"static-featured-collection":{"type":"static-featured-collection","settings":{"enabled":false,"collection":"","title":"Featured collection","collection_subheading":"","link_text":"","heading_alignment":"left","products_per_row":3,"rows":1,"outline":false}},"1582340811345":{"type":"dynamic-blog-posts","settings":{"title":"Blog posts","blog":"news","post_limit":3,"outline":false}},"1589007010266":{"type":"dynamic-featured-collection","settings":{"collection":"","title":"5x8 Rugs by Zayania Assya","collection_subheading":"unique fine moroccan rugs designed by Zayania Assya.","link_text":"","heading_alignment":"left","products_per_row":3,"rows":1,"outline":false}}},"content_for_index":["dynamic-slideshow","dynamic-rich-text","dynamic-collage","dynamic-testimonials","dynamic-full-width-image","dynamic-featured-collection","dynamic-featured-collection-1","dynamic-full-width-image-2","dynamic-collage-2","dynamic-newsletter","dynamic-full-width-image-3","dynamic-social-icons","1582340811345","1589007010266"]},"presets":{"Chic":{"color_accent":"#67a281","color_text":"#3d3d3d","color_meta_text":"#757575","color_button_text":"#ffffff","color_bg":"#ffffff","color_border":"#e2e2e2","color_secondary_button":"#f8f8f8","color_secondary_button_text":"#50906c","color_sale_badge":"#b6534c","color_success_message":"#82b875","color_error_message":"#b6534c","color_header_text":"#363636","color_header_bg":"#ffffff","color_header_border":"#e2e2e2","color_header_icon":"#9a9a9a","color_contrast_text":"#363636","color_contrast_meta_text":"#707070","color_contrast_bg":"#fafafa","color_contrast_border":"#e2e2e2","color_navigation_text":"#3d3d3d","color_navigation_meta_text":"#737373","color_navigation_bg":"#fafafa","color_navigation_border":"#e6e6e6","color_navigation_feature":"#ffffff","color_drawer_text":"#ffffff","color_drawer_meta_text":"#8a8a8a","color_drawer_bg":"#212121","color_drawer_border":"#434343","color_footer_text":"#363636","color_footer_meta_text":"#737373","color_footer_bg":"#f9f9f9","color_footer_border":"#e2e2e2","color_footer_input":"#ffffff","color_footer_input_text":"#7c7c7c","font_heading":"electra_n4","size_heading":16,"uppercase_headings":false,"font_body":"assistant_n4","size_body":16,"font_logo":"electra_n7","font_logo_size":32,"share_image":"","share_facebook":true,"share_twitter":true,"share_pinterest":true,"social_twitter_link":"","social_facebook_link":"","social_pinterest_link":"","social_instagram_link":"","social_snapchat_link":"","social_tumblr_link":"","social_youtube_link":"","social_vimeo_link":"","cart_notes_enable":true,"quick_cart_note":"Your subtotal today is [subtotal]. Shipping and taxes will calculated at checkout.","show_multiple_currencies":false,"currency_format":"money_with_currency_format","supported_currencies":"INR GBP CAD USD AUD EUR JPY","default_currency":"USD","favicon":"","checkout_header_image":"","checkout_logo_image":"","checkout_logo_position":"left","checkout_logo_size":"medium","checkout_body_background_image":"","checkout_body_background_color":"#fff","checkout_input_background_color_mode":"white","checkout_sidebar_background_image":"","checkout_sidebar_background_color":"#fafafa","checkout_heading_font":"-apple-system, BlinkMacSystemFont, 'Segoe UI', Roboto, Helvetica, Arial, sans-serif, 'Apple Color Emoji', 'Segoe UI Emoji', 'Segoe UI Symbol'","checkout_body_font":"-apple-system, BlinkMacSystemFont, 'Segoe UI', Roboto, Helvetica, Arial, sans-serif, 'Apple Color Emoji', 'Segoe UI Emoji', 'Segoe UI Symbol'","checkout_accent_color":"#197bbd","checkout_button_color":"#197bbd","checkout_error_color":"#e32c2b","sections":{"dynamic-featured-product":{"type":"dynamic-featured-product","settings":{"product":"","show_vendor":true,"show_share_buttons":false,"enable_payment_button":true,"outline":false}},"static-footer":{"type":"static-footer","blocks":{"static-footer-0":{"type":"text","settings":{"title":"About the shop","text":"<p>Use this text area to tell your customers about your brand and vision. You can change it in the theme settings.<\/p>"}},"static-footer-1":{"type":"link_list","settings":{"menu":"main-menu"}},"static-footer-2":{"type":"link_list","settings":{"menu":"footer"}}},"block_order":["static-footer-0","static-footer-1","static-footer-2"],"settings":{"show_payment_icons":true}},"static-header":{"type":"static-header","settings":{"announcement_bar_enabled":true,"announcement_bar_text":"Announce something here","announcement_bar_link":"","logo":"","logo_max_width":120,"transparent_header_enabled":true,"transparent_header_foreground_color":"#ffffff","transparent_header_border_color":"#ffffff","transparent_header_border_opacity":20,"transparent_header_logo":"","search_quick_links":"info"}},"product":{"type":"product","settings":{"show_vendor":false,"show_share_buttons":true,"enable_payment_button":true}},"static-blog-posts":{"type":"static-blog-posts","settings":{"enabled":true,"title":"Blog posts","blog":"news","post_limit":3}},"static-recently-viewed":{"type":"static-recently-viewed","settings":{"enabled":true,"title":"Recently Viewed","alignment":"above","rows":1,"per_row":4,"outline":false}},"static-collection":{"type":"static-collection","settings":{"show_collection_image":true}},"dynamic-newsletter":{"type":"dynamic-newsletter","settings":{"title":"Join our newsletter","subheading":"<p>Include a short sentence describing what someone can expect from your newsletter.<\/p>","outline":false}},"static-product-images":{"type":"static-product-images","settings":{"enabled":true}},"static-contact":{"type":"static-contact","settings":{"heading":"Email us","subheading":"<p>Send us an email through the form. We usually respond within one business day.<\/p>"}},"static-article":{"type":"static-article","settings":{"overlay_opacity":20,"overlay_color":"#000000","text_color":"#ffffff"}},"dynamic-slideshow0":{"type":"dynamic-slideshow","blocks":{"dynamic-slideshow-00":{"type":"slide","settings":{"image":"","title":"This is your slideshow","subheading":"Use it to set your brand's tone and create a first impression with your customers. Vibrant imagery with a lot of background accent works well for a full-screen effect.","link":"#","link_text":"Shop now","link_style":"button","overlay_opacity":60,"overlay_color":"#707070","text_color":"#ffffff","heading_max_width":16,"text_max_width":34,"horizontal_text_position":"left","vertical_text_position":"middle"}},"dynamic-slideshow-01":{"type":"slide","settings":{"image":"","title":"This is your slideshow","subheading":"Use it to set your brand's tone and create a first impression with your customers. Vibrant imagery with a lot of background accent works well for a full-screen effect.","link":"#","link_text":"Shop now","link_style":"button","overlay_opacity":60,"overlay_color":"#707070","text_color":"#ffffff","heading_max_width":16,"text_max_width":34,"horizontal_text_position":"left","vertical_text_position":"middle"}}},"block_order":["dynamic-slideshow-00","dynamic-slideshow-01"],"settings":{"aspect_ratio":"full_height"}},"dynamic-slideshow-1":{"type":"dynamic-slideshow","blocks":{"dynamic-slideshow-11":{"type":"slide","settings":{"image":"","title":"This is your slideshow","subheading":"Use it to set your brand's tone and create a first impression with your customers. Vibrant imagery with a lot of background accent works well for a full-screen effect.","link":"#","link_text":"Shop now","link_style":"button","overlay_opacity":60,"overlay_color":"#707070","text_color":"#ffffff","heading_max_width":16,"text_max_width":34,"horizontal_text_position":"center","vertical_text_position":"middle"}},"dynamic-slideshow-12":{"type":"slide","settings":{"image":"","title":"This is your slideshow","subheading":"Use it to set your brand's tone and create a first impression with your customers. Vibrant imagery with a lot of background accent works well for a full-screen effect.","link":"#","link_text":"Shop now","link_style":"button","overlay_opacity":60,"overlay_color":"#707070","text_color":"#ffffff","heading_max_width":16,"text_max_width":34,"horizontal_text_position":"left","vertical_text_position":"middle"}}},"block_order":["dynamic-slideshow-11","dynamic-slideshow-12"],"settings":{"aspect_ratio":"full_height"}},"dynamic-rich-text":{"type":"dynamic-rich-text","settings":{"title":"This is the Rich text section","text":"<p>Use this text area to share information about your brand with your customers. Describe a product, share announcements, or welcome customers to your store.<\/p>"}},"dynamic-collage":{"type":"dynamic-collage","blocks":{"dynamic-collage-0":{"type":"grid_item","settings":{"image":"","size":"small","video_url":"","overlay_opacity":50,"overlay_color":"#000000","text_color":"#ffffff","heading":"This is the Collage.","subheading":"","text_max_width":20,"link":"#","link_text":"Shop now","link_style":"arrow_link","horizontal_text_position":"left","vertical_text_position":"bottom"}},"dynamic-collage-1":{"type":"grid_item","settings":{"image":"","size":"large","video_url":"","overlay_opacity":50,"overlay_color":"#000000","text_color":"#ffffff","heading":"This is a large portrait block.","subheading":"Try adding two small blocks before and after two large blocks for an asymmetrical mosaic effect.","text_max_width":19,"link":"","link_text":"","link_style":"button","horizontal_text_position":"right","vertical_text_position":"top"}},"dynamic-collage-3":{"type":"grid_item","settings":{"image":"","size":"small","video_url":"","overlay_opacity":50,"overlay_color":"#000000","text_color":"#ffffff","heading":"This is the Collage.","subheading":"","text_max_width":19,"link":"#","link_text":"Shop now","link_style":"arrow_link","horizontal_text_position":"left","vertical_text_position":"bottom"}}},"block_order":["dynamic-collage-0","dynamic-collage-1","dynamic-collage-3"],"settings":{}},"dynamic-testimonials":{"type":"dynamic-testimonials","blocks":{"dynamic-testimonials-0":{"type":"testimonial","settings":{"icon":"","quote":"Absolutely unparalleled products and service. I'm confident that this store will be the next big thing in its industry, and that its products will be timeless.","author":"Steve Jordans"}}},"block_order":["dynamic-testimonials-0"],"settings":{"icon_width":40,"outline":false}},"dynamic-full-width-image":{"type":"dynamic-full-width-image","settings":{"image":"","overlay_opacity":50,"overlay_color":"#ffffff","text_color":"#000000","title":"Full width image section","subheading":"This section can be used to divide page content into new zones, or try using it with the Collage to create a magazine-style layout.","text_max_width":24,"link":"#","link_text":"Try it out","link_style":"button","horizontal_text_position":"left","vertical_text_position":"middle"}},"dynamic-featured-product-0":{"type":"dynamic-featured-product","settings":{"product":"","show_vendor":true,"show_share_buttons":false,"enable_payment_button":true,"outline":false}},"dynamic-full-width-image-1":{"type":"dynamic-full-width-image","settings":{"image":"","video_url":"","aspect_ratio":"3_2","overlay_opacity":30,"overlay_color":"#ffffff","text_color":"#121212","title":"Full width image section","subheading":"This section can be used to divide page content into new zones, or try using it with the Collage to create a magazine-style layout.","text_max_width":24,"link":"#","link_text":"Try it out","link_style":"button","horizontal_text_position":"left","vertical_text_position":"middle"}},"dynamic-featured-collection":{"type":"dynamic-featured-collection","settings":{"collection":"","title":"Featured collection","collection_subheading":"Add a subheading to provide more details about this collection.","link_text":"","heading_alignment":"left","products_per_row":3,"rows":1,"outline":false}},"dynamic-featured-collection-1":{"type":"dynamic-featured-collection","settings":{"collection":"","title":"Featured collection","collection_subheading":"Add a subheading to provide more details about this collection.","link_text":"","heading_alignment":"left","products_per_row":3,"rows":1,"outline":false}},"dynamic-featured-collection-2":{"type":"dynamic-featured-collection","settings":{"collection":"","title":"Featured collection","collection_subheading":"Add a subheading to provide more details about this collection.","link_text":"","heading_alignment":"center","products_per_row":4,"rows":2,"outline":false}},"dynamic-full-width-image-2":{"type":"dynamic-full-width-image","settings":{"image":"","video_url":"","aspect_ratio":"3_2","overlay_opacity":30,"overlay_color":"#ffffff","text_color":"#121212","title":"Full width image section","subheading":"This section can be used to divide page content into new zones, or try using it with the Collage to create a magazine-style layout.","text_max_width":24,"link":"#","link_text":"Try it out","link_style":"button","horizontal_text_position":"left","vertical_text_position":"middle"}},"dynamic-blog-posts":{"type":"dynamic-blog-posts","settings":{"title":"Blog posts","blog":"news","post_limit":3,"outline":false}}},"content_for_index":["dynamic-slideshow0","dynamic-rich-text","dynamic-collage","dynamic-testimonials","dynamic-full-width-image","dynamic-featured-collection","dynamic-featured-collection-1","dynamic-full-width-image-1","dynamic-featured-collection-2","dynamic-full-width-image-2","dynamic-featured-product-0","dynamic-blog-posts","dynamic-slideshow-1"]},"Modern":{"color_accent":"#ff460c","color_text":"#363636","color_meta_text":"#757575","color_button_text":"#ffffff","color_bg":"#ffffff","color_border":"#e2e2e2","color_input":"#ffffff","color_input_text":"#3a3a3a","color_secondary_button":"#f7f7f7","color_secondary_button_text":"#494949","color_sale_badge":"#b6534c","color_success_message":"#82b875","color_error_message":"#b6534c","color_header_text":"#363636","color_header_bg":"#ffffff","color_header_border":"#e2e2e2","color_header_icon":"#9a9a9a","color_contrast_text":"#363636","color_contrast_meta_text":"#707070","color_contrast_bg":"#f9f9f9","color_contrast_border":"#e2e2e2","color_contrast_input":"#ffffff","color_contrast_input_text":"#7c7c7c","color_navigation_text":"#ffffff","color_navigation_meta_text":"#7da8a9","color_navigation_bg":"#1b4142","color_navigation_border":"#285556","color_navigation_feature":"#244960","color_drawer_text":"#ffffff","color_drawer_meta_text":"#a8a8a8","color_drawer_bg":"#1b4142","color_drawer_border":"#285556","color_footer_text":"#363636","color_footer_meta_text":"#737373","color_footer_bg":"#f9f9f9","color_footer_border":"#e2e2e2","color_footer_input":"#ffffff","color_footer_input_text":"#7c7c7c","font_heading":"electra_n4","size_heading":16,"uppercase_headings":false,"font_body":"assistant_n4","size_body":16,"font_logo":"electra_n7","font_logo_size":32,"share_image":"","share_facebook":true,"share_twitter":true,"share_pinterest":true,"social_twitter_link":"","social_facebook_link":"","social_pinterest_link":"","social_instagram_link":"","social_snapchat_link":"","social_tumblr_link":"","social_youtube_link":"","social_vimeo_link":"","cart_notes_enable":true,"quick_cart_note":"Your subtotal today is [subtotal]. Shipping and taxes will calculated at checkout.","show_multiple_currencies":false,"currency_format":"money_with_currency_format","supported_currencies":"INR GBP CAD USD AUD EUR JPY","default_currency":"USD","favicon":"","checkout_header_image":"","checkout_logo_image":"","checkout_logo_position":"left","checkout_logo_size":"medium","checkout_body_background_image":"","checkout_body_background_color":"#fff","checkout_input_background_color_mode":"white","checkout_sidebar_background_image":"","checkout_sidebar_background_color":"#fafafa","checkout_heading_font":"-apple-system, BlinkMacSystemFont, 'Segoe UI', Roboto, Helvetica, Arial, sans-serif, 'Apple Color Emoji', 'Segoe UI Emoji', 'Segoe UI Symbol'","checkout_body_font":"-apple-system, BlinkMacSystemFont, 'Segoe UI', Roboto, Helvetica, Arial, sans-serif, 'Apple Color Emoji', 'Segoe UI Emoji', 'Segoe UI Symbol'","checkout_accent_color":"#197bbd","checkout_button_color":"#197bbd","checkout_error_color":"#e32c2b","sections":{"dynamic-featured-product":{"type":"dynamic-featured-product","settings":{"product":"","show_vendor":true,"show_share_buttons":false,"enable_payment_button":true,"outline":false}},"static-footer":{"type":"static-footer","blocks":{"static-footer-0":{"type":"text","settings":{"title":"About the shop","text":"<p>Use this text area to tell your customers about your brand and vision. You can change it in the theme settings.<\/p>"}},"static-footer-1":{"type":"link_list","settings":{"menu":"main-menu"}},"static-footer-2":{"type":"link_list","settings":{"menu":"footer"}}},"block_order":["static-footer-0","static-footer-1","static-footer-2"],"settings":{"show_newsletter_signup":true,"show_payment_icons":true}},"static-header":{"type":"static-header","settings":{"announcement_bar_enabled":true,"announcement_bar_text":"Announce something here","logo":"","logo_max_width":120,"transparent_header_enabled":true,"transparent_header_foreground_color":"#ffffff","transparent_header_border_color":"#ffffff","transparent_header_border_opacity":10,"transparent_header_logo":"","search_quick_links":""}},"product":{"type":"product","settings":{"show_vendor":true,"show_share_buttons":true,"enable_payment_button":true}},"static-blog-posts":{"type":"static-blog-posts","settings":{"enabled":false,"title":"Blog posts","blog":"news","post_limit":3}},"static-recently-viewed":{"type":"static-recently-viewed","settings":{"enabled":false,"title":"Recently Viewed","alignment":"left","rows":1,"per_row":3,"outline":false}},"static-collection":{"type":"static-collection","settings":{"show_collection_image":false}},"static-product-images":{"type":"static-product-images","settings":{"enabled":true}},"static-contact":{"type":"static-contact","settings":{"heading":"Email us","subheading":"<p>Send us an email through the form. We usually respond within one business day.<\/p>"}},"static-article":{"type":"static-article","settings":{"overlay_opacity":20,"overlay_color":"#000000","text_color":"#ffffff"}},"dynamic-social-icons":{"type":"dynamic-social-icons","settings":{"title":"Start the conversation","pinterest_enabled":true,"instagram_enabled":true,"facebook_enabled":true,"tumblr_enabled":true,"twitter_enabled":true,"vimeo_enabled":true,"youtube_enabled":true,"outline":false}},"dynamic-slideshow":{"type":"dynamic-slideshow","blocks":{"dynamic-slideshow-0":{"type":"slide","settings":{"image":"","title":"This is your slideshow","subheading":"Use it to set your brand's tone and create a first impression with your customers. Vibrant imagery with a lot of background accent works well for a full-screen effect.","link":"","link_text":"","link_style":"button","overlay_opacity":60,"overlay_color":"#707070","text_color":"#ffffff","heading_max_width":16,"text_max_width":24,"horizontal_text_position":"left","vertical_text_position":"middle"}},"dynamic-slideshow-1":{"type":"slide","settings":{"image":"","title":"This is your slideshow","subheading":"Use it to set your brand's tone and create a first impression with your customers. Vibrant imagery with a lot of background accent works well for a full-screen effect.","link":"","link_text":"","link_style":"button","overlay_opacity":60,"overlay_color":"#707070","text_color":"#ffffff","heading_max_width":16,"text_max_width":24,"horizontal_text_position":"left","vertical_text_position":"middle"}}},"block_order":["dynamic-slideshow-0","dynamic-slideshow-1"],"settings":{}},"dynamic-rich-text":{"type":"dynamic-rich-text","settings":{"title":"This is the Rich text section","text":"<p>Use this text area to share information about your brand with your customers. Describe a product, share announcements, or welcome customers to your store.<\/p>"}},"dynamic-collage":{"type":"dynamic-collage","blocks":{"dynamic-collage-1":{"type":"grid_item","settings":{"image":"","size":"large","video_url":"","overlay_opacity":50,"overlay_color":"#000000","text_color":"#ffffff","text_max_width":19,"link":"","link_text":"","link_style":"button","horizontal_text_position":"left","vertical_text_position":"middle"}},"dynamic-collage-0":{"type":"grid_item","settings":{"image":"","size":"small","video_url":"","overlay_opacity":50,"overlay_color":"#000000","text_color":"#ffffff","heading":"This is the Collage.","subheading":"Mix and match between large portrait blocks and small landscape blocks.","text_max_width":20,"link":"#","link_text":"Try it out","link_style":"button","horizontal_text_position":"left","vertical_text_position":"middle"}},"dynamic-collage-3":{"type":"grid_item","settings":{"image":"","size":"small","video_url":"","overlay_opacity":50,"overlay_color":"#000000","text_color":"#ffffff","heading":"Have control over your content","subheading":"Each block has text placement and max width options so you can fine tune your message and balance it with your imagery.","text_max_width":19,"link":"#","link_text":"Try it out","link_style":"button","horizontal_text_position":"left","vertical_text_position":"middle"}}},"block_order":["dynamic-collage-1","dynamic-collage-0","dynamic-collage-3"],"settings":{}},"dynamic-testimonials":{"type":"dynamic-testimonials","blocks":{"dynamic-testimonials-0":{"type":"testimonial","settings":{"icon":"","quote":"Absolutely unparalleled products and service. I'm confident that this store will be the next big thing in its industry, and that its products will be timeless.","author":"Steve Jordans"}}},"block_order":["dynamic-testimonials-0"],"settings":{"icon_width":40,"outline":false}},"dynamic-full-width-image":{"type":"dynamic-full-width-image","settings":{"image":"","overlay_opacity":60,"overlay_color":"#707070","text_color":"#ffffff","title":"Full width image section","subheading":"This section can be used to organize page content into different areas, or along with the Collage section to create a magazine-style layout.","text_max_width":30,"link":"#","link_text":"Try it out","link_style":"button","horizontal_text_position":"center","vertical_text_position":"middle"}},"dynamic-featured-collection":{"type":"dynamic-featured-collection","settings":{"collection":"","title":"Featured collection","collection_subheading":"Add a subheading to provide more details about this collection.","link_text":"","heading_alignment":"left","products_per_row":3,"rows":1,"outline":false}},"dynamic-featured-collection-1":{"type":"dynamic-featured-collection","settings":{"collection":"","title":"Featured collection","collection_subheading":"Add a subheading to provide more details about this collection.","link_text":"","heading_alignment":"left","products_per_row":3,"rows":1,"outline":false}},"dynamic-full-width-image-2":{"type":"dynamic-full-width-image","settings":{"image":"","overlay_opacity":50,"overlay_color":"#707070","text_color":"#ffffff","title":"Full width image section","subheading":"This section can be used to organize page content into different areas, or along with the Collage section to create a magazine-style layout.","text_max_width":30,"link":"#","link_text":"Try it out","link_style":"button","horizontal_text_position":"center","vertical_text_position":"middle"}},"dynamic-collage-2":{"type":"dynamic-collage","blocks":{"dynamic-collage-2-2":{"type":"grid_item","settings":{"image":"","size":"large","video_url":"","overlay_opacity":50,"overlay_color":"#000000","text_color":"#ffffff","heading":"","subheading":"","text_max_width":19,"link":"","link_text":"","link_style":"button","horizontal_text_position":"left","vertical_text_position":"middle"}},"dynamic-collage-2-1":{"type":"grid_item","settings":{"image":"","size":"large","video_url":"","overlay_opacity":50,"overlay_color":"#000000","text_color":"#ffffff","heading":"","subheading":"","text_max_width":19,"link":"","link_text":"","link_style":"button","horizontal_text_position":"center","vertical_text_position":"top"}},"dynamic-collage-2-0":{"type":"grid_item","settings":{"image":"","size":"small","video_url":"","overlay_opacity":50,"overlay_color":"#000000","text_color":"#ffffff","heading":"This is a small landscape block","subheading":"Mix and match between large portrait blocks and small landscape blocks.","text_max_width":20,"link":"#","link_text":"Don't forget to add a link or two","link_style":"arrow_link","horizontal_text_position":"left","vertical_text_position":"top"}},"dynamic-collage-2-3":{"type":"grid_item","settings":{"image":"","size":"small","video_url":"","overlay_opacity":50,"overlay_color":"#000000","text_color":"#ffffff","heading":"Have control over your content","subheading":"Use text placement and max width options to fine tune your call to action.","text_max_width":19,"link":"#","link_text":"Don't forget to add a link or two","link_style":"arrow_link","horizontal_text_position":"left","vertical_text_position":"top"}}},"block_order":["dynamic-collage-2-2","dynamic-collage-2-1","dynamic-collage-2-0","dynamic-collage-2-3"],"settings":{}},"dynamic-newsletter":{"type":"dynamic-newsletter","settings":{"title":"Newsletters can reinforce your brand","subheading":"<p>Include a short sentence describing what someone can expect from your newsletter.<\/p>","outline":false}},"dynamic-full-width-image-3":{"type":"dynamic-full-width-image","settings":{"image":"","overlay_opacity":50,"overlay_color":"#707070","text_color":"#ffffff","title":"Full width image section","subheading":"","text_max_width":16,"link":"#","link_text":"Try it out","link_style":"button","horizontal_text_position":"left","vertical_text_position":"middle"}}},"content_for_index":["dynamic-slideshow","dynamic-rich-text","dynamic-collage","dynamic-testimonials","dynamic-full-width-image","dynamic-featured-collection","dynamic-featured-collection-1","dynamic-full-width-image-2","dynamic-collage-2","dynamic-newsletter","dynamic-full-width-image-3","dynamic-social-icons"]},"Essential":{"color_accent":"#a09b9a","color_text":"#3d3d3d","color_meta_text":"#757575","color_button_text":"#ffffff","color_bg":"#ffffff","color_border":"#e2e2e2","color_input":"#ffffff","color_input_text":"#363636","color_secondary_button":"#f8f8f8","color_secondary_button_text":"#50906c","color_sale_badge":"#b6534c","color_success_message":"#82b875","color_error_message":"#b6534c","color_header_text":"#363636","color_header_bg":"#ffffff","color_header_border":"#e2e2e2","color_header_icon":"#9a9a9a","color_contrast_text":"#363636","color_contrast_meta_text":"#707070","color_contrast_bg":"#f7f5f5","color_contrast_border":"#e2e2e2","color_contrast_input":"#ffffff","color_contrast_input_text":"#363636","color_navigation_text":"#ffffff","color_navigation_meta_text":"#6c9384","color_navigation_bg":"#354b42","color_navigation_border":"#506a5f","color_navigation_feature":"#26352f","color_drawer_text":"#ffffff","color_drawer_meta_text":"#8a8a8a","color_drawer_bg":"#212121","color_drawer_border":"#434343","color_footer_text":"#ffffff","color_footer_meta_text":"#cfeee2","color_footer_bg":"#2f4b40","color_footer_border":"#4b655b","color_footer_input":"#ffffff","color_footer_input_text":"#777777","font_heading":"agmena_n4","size_heading":16,"uppercase_headings":false,"font_body":"assistant_n4","size_body":16,"font_logo":"agmena_n7","font_logo_size":32,"share_image":"","share_facebook":true,"share_twitter":true,"share_pinterest":true,"social_twitter_link":"","social_facebook_link":"","social_pinterest_link":"","social_instagram_link":"","social_snapchat_link":"","social_tumblr_link":"","social_youtube_link":"","social_vimeo_link":"","cart_notes_enable":true,"quick_cart_note":"Your subtotal today is [subtotal]. Shipping and taxes will calculated at checkout.","show_multiple_currencies":false,"currency_format":"money_with_currency_format","supported_currencies":"INR GBP CAD USD AUD EUR JPY","default_currency":"USD","favicon":"","checkout_header_image":"","checkout_logo_image":"","checkout_logo_position":"left","checkout_logo_size":"medium","checkout_body_background_image":"","checkout_body_background_color":"#fff","checkout_input_background_color_mode":"white","checkout_sidebar_background_image":"","checkout_sidebar_background_color":"#fafafa","checkout_heading_font":"-apple-system, BlinkMacSystemFont, 'Segoe UI', Roboto, Helvetica, Arial, sans-serif, 'Apple Color Emoji', 'Segoe UI Emoji', 'Segoe UI Symbol'","checkout_body_font":"-apple-system, BlinkMacSystemFont, 'Segoe UI', Roboto, Helvetica, Arial, sans-serif, 'Apple Color Emoji', 'Segoe UI Emoji', 'Segoe UI Symbol'","checkout_accent_color":"#197bbd","checkout_button_color":"#197bbd","checkout_error_color":"#e32c2b","sections":{"dynamic-featured-product":{"type":"dynamic-featured-product","settings":{"product":"","show_vendor":true,"show_share_buttons":false,"enable_payment_button":true,"outline":false}},"static-footer":{"type":"static-footer","blocks":{"static-footer-0":{"type":"text","settings":{"title":"About the shop","text":"<p>Use this text area to tell your customers about your brand and vision. You can change it in the theme settings.<\/p>"}},"static-footer-1":{"type":"link_list","settings":{"menu":"footer"}},"static-footer-2":{"type":"link_list","settings":{"menu":"footer"}},"static-footer-3":{"type":"link_list","settings":{"menu":"footer"}}},"block_order":["static-footer-0","static-footer-1","static-footer-2","static-footer-3"],"settings":{"show_newsletter_signup":true,"show_payment_icons":true}},"static-header":{"type":"static-header","settings":{"announcement_bar_enabled":true,"announcement_bar_text":"Announce something here","announcement_bar_link":"shopify:\/\/pages\/about","logo":"","logo_max_width":120,"transparent_header_enabled":true,"transparent_header_foreground_color":"#ffffff","transparent_header_border_color":"#ffffff","transparent_header_border_opacity":30,"transparent_header_logo":""}},"product":{"type":"product","settings":{"show_vendor":false,"show_share_buttons":true,"enable_payment_button":false}},"static-recently-viewed":{"type":"static-recently-viewed","settings":{"enabled":true,"title":"Recently Viewed","alignment":"above","rows":1,"per_row":4,"outline":false}},"static-collection":{"type":"static-collection","settings":{"show_collection_image":true}},"dynamic-featured-collection":{"type":"dynamic-featured-collection","settings":{"collection":"","title":"Featured collection","collection_subheading":"Add a subheading to provide more details about this collection.","link_text":"","heading_alignment":"center","products_per_row":4,"rows":2,"outline":false}},"dynamic-featured-collection-1":{"type":"dynamic-featured-collection","settings":{"collection":"","title":"Featured collection","collection_subheading":"Add a subheading to provide more details about this collection.","link_text":"","heading_alignment":"left","products_per_row":3,"rows":1,"outline":false}},"dynamic-featured-collection-2":{"type":"dynamic-featured-collection","settings":{"collection":"","title":"Featured collection","collection_subheading":"Add a subheading to provide more details about this collection.","link_text":"","heading_alignment":"left","products_per_row":3,"rows":1,"outline":false}},"dynamic-newsletter":{"type":"dynamic-newsletter","settings":{"title":"Newsletters can reinforce your brand","subheading":"<p>Include a short sentence describing what someone can expect from your newsletter.<\/p>","outline":false}},"static-contact":{"type":"static-contact","settings":{"heading":"Email us","subheading":"<p>Send us an email through the form. We usually respond within one business day.<\/p>"}},"static-article":{"type":"static-article","settings":{"overlay_opacity":20,"overlay_color":"#000000","text_color":"#ffffff"}},"dynamic-slideshow":{"type":"dynamic-slideshow","blocks":{"dynamic-slideshow-0":{"type":"slide","settings":{"image":"","video_url":"","title":"This is your slideshow","subheading":"Use it to set your brand's tone and create a first impression with your customers. Vibrant imagery with a lot of background accent works well for a full-screen effect.","link":"#","link_text":"Shop now","link_style":"button","overlay_opacity":20,"overlay_color":"#a09b9a","text_color":"#ffffff","heading_max_width":18,"text_max_width":34,"horizontal_text_position":"left","vertical_text_position":"bottom"}},"dynamic-slideshow-1":{"type":"slide","settings":{"image":"","video_url":"","title":"This is your slideshow","subheading":"Use it to set your brand's tone and create a first impression with your customers. Vibrant imagery with a lot of background accent works well for a full-screen effect.","link":"shopify:\/\/collections","link_text":"Shop now","link_style":"button","overlay_opacity":20,"overlay_color":"#a09b9a","text_color":"#ffffff","heading_max_width":16,"text_max_width":24,"horizontal_text_position":"left","vertical_text_position":"middle"}}},"block_order":["dynamic-slideshow-0","dynamic-slideshow-1"],"settings":{"aspect_ratio":"full_height"}},"dynamic-rich-text":{"type":"dynamic-rich-text","settings":{"text":"<p>Use this text area to share information about your brand with your customers. Describe a product, share announcements, or welcome customers to your store.<\/p>"}},"dynamic-text-columns-with-images":{"type":"dynamic-text-columns-with-images","blocks":{"dynamic-text-columns-with-images-0":{"type":"column","settings":{"image":"","image_max_width":100,"title":"Text Column","subheading":"These text columns are great for showing off features or policies (such as shipping or return policy). Attach an image or an icon for more visual interest.","link":"","link_text":"Read more"}},"dynamic-text-columns-with-images-1":{"type":"column","settings":{"image":"","image_max_width":100,"title":"Text Column","subheading":"These text columns are great for showing off features or policies (such as shipping or return policy). Attach an image or an icon for more visual interest.","link":"","link_text":"Read more"}},"dynamic-text-columns-with-images-2":{"type":"column","settings":{"image":"","image_max_width":100,"title":"Text Column","subheading":"These text columns are great for showing off features or policies (such as shipping or return policy). Attach an image or an icon for more visual interest.","link":"","link_text":"Read more"}}},"block_order":["dynamic-text-columns-with-images-0","dynamic-text-columns-with-images-1","dynamic-text-columns-with-images-2"],"settings":{"title":"","subheading":"","outline":false}},"dynamic-testimonials":{"type":"dynamic-testimonials","blocks":{"dynamic-testimonials-0":{"type":"testimonial","settings":{"icon":"","quote":"“Absolutely unparalleled products and service. I'm confident that this store will be the next big thing in its industry, and that its products will be timeless.”","author":"Steve Jordans"}}},"block_order":["dynamic-testimonials-0"],"settings":{"icon_width":40,"outline":false}},"dynamic-slideshow-3":{"type":"dynamic-slideshow","blocks":{"dynamic-slideshow-3-0":{"type":"slide","settings":{"image":"","video_url":"","title":"This is your slideshow","subheading":"","link":"#","link_text":"Shop now","link_style":"button","overlay_opacity":20,"overlay_color":"#a09b9a","text_color":"#ffffff","heading_max_width":14,"text_max_width":19,"horizontal_text_position":"left","vertical_text_position":"middle"}}},"block_order":["dynamic-slideshow-3-0"],"settings":{"aspect_ratio":"full_height"}},"dynamic-slideshow-2":{"type":"dynamic-slideshow","blocks":{"dynamic-slideshow-2-0":{"type":"slide","settings":{"image":"","video_url":"","title":"This is your slideshow","subheading":"","link":"#","link_text":"Shop now","link_style":"button","overlay_opacity":20,"overlay_color":"#a09b9a","text_color":"#ffffff","heading_max_width":17,"text_max_width":24,"horizontal_text_position":"left","vertical_text_position":"middle"}}},"block_order":["dynamic-slideshow-2-0"],"settings":{"aspect_ratio":"full_height"}},"dynamic-slideshow-1":{"type":"dynamic-slideshow","blocks":{"dynamic-slideshow-1-0":{"type":"slide","settings":{"image":"","video_url":"","title":"This is your slideshow","subheading":"Use it to set your brand's tone and create a first impression with your customers. Vibrant imagery with a lot of background accent works well for a full-screen effect.","link":"#","link_text":"Shop now","link_style":"button","overlay_opacity":20,"overlay_color":"#a09b9a","text_color":"#ffffff","heading_max_width":17,"text_max_width":27,"horizontal_text_position":"left","vertical_text_position":"middle"}}},"block_order":["dynamic-slideshow-1-0"],"settings":{"aspect_ratio":"full_height"}},"dynamic-video":{"type":"dynamic-video","settings":{"title":"Featured Video","subheading":"Include a short video that introduces your product, your store or your brand.","meta":"","video_url":"","image":"","overlay_opacity":20,"overlay_color":"","text_color":""}},"static-features":{"type":"static-features","blocks":{"static-features-0":{"type":"column","settings":{"image":"","image_max_width":100,"title":"Text Column","subheading":"These text columns are great for showing off features or policies (such as shipping or return policy). Attach an image or an icon for more visual interest.","link":"#","link_text":"Read more"}},"static-features-1":{"type":"column","settings":{"image":"","image_max_width":100,"title":"Text Column","subheading":"These text columns are great for showing off features or policies (such as shipping or return policy). Attach an image or an icon for more visual interest.","link":"#","link_text":"Read more"}},"static-features-2":{"type":"column","settings":{"image":"","image_max_width":100,"title":"Text Column","subheading":"These text columns are great for showing off features or policies (such as shipping or return policy). Attach an image or an icon for more visual interest.","link":"#","link_text":"Read more"}}},"block_order":["static-features-0","static-features-1","static-features-2"],"settings":{"outline":false}},"static-full-width-features":{"type":"static-full-width-features","blocks":{"static-full-width-features-1":{"type":"feature","settings":{"image":"","overlay_opacity":40,"overlay_color":"#000000","text_color":"#ffffff","title":"Full width image section","subheading":"This section can be used to parse page content into distinct areas or in conjunction with the Collage to create an editorial-style layout.","text_max_width":25,"link":"#","link_text":"","link_style":"button","horizontal_text_position":"left","vertical_text_position":"middle"}}},"block_order":["static-full-width-features-1"],"settings":{}}},"content_for_index":["dynamic-slideshow","dynamic-rich-text","dynamic-text-columns-with-images","dynamic-featured-collection","dynamic-slideshow-1","dynamic-featured-product","dynamic-slideshow-2","dynamic-featured-collection-1","dynamic-testimonials","dynamic-featured-collection-2","dynamic-slideshow-3","dynamic-video"]}}}